<MISSING>:<MISSING>
<MISSING>:<MISSING>:<MISSING>
<MISSING>:<MISSING>
<MISSING>:<MISSING>
5245444c4157:5245444c4157
<MISSING>:<MISSING>:<MISSING>
<MISSING>:<MISSING>
<MISSING>:<MISSING>
<MISSING>:<MISSING>
<MISSING>:<MISSING>
5245444c4157:5245444c4157:5245444c4157:5245444c4157:<MISSING>:<MISSING>
<MISSING>:<MISSING>
<MISSING>:<MISSING>
<MISSING>:<MISSING>:<MISSING>
<MISSING>:<MISSING>
<MISSING>:<MISSING>:<MISSING>
<MISSING>:<MISSING>
5245444c4157:5245444c4157:5245444c4157:<MISSING>:<MISSING>
<MISSING>:<MISSING>
<MISSING>:<MISSING>
46616d204f7465726f20:46616d204f7465726f20
<MISSING>:<MISSING>
<MISSING>:<MISSING>
<MISSING>:<MISSING>
<MISSING>:<MISSING>
<MISSING>:<MISSING>
<MISSING>:<MISSING>
5245444c4157:<MISSING>:<MISSING>
<MISSING>:<MISSING>
<MISSING>:<MISSING>
<MISSING>:<MISSING>:<MISSING>
<MISSING>:<MISSING>
<MISSING>:<MISSING>
<MISSING>:<MISSING>
6c69622d32383133303932:<MISSING>
5245444c41572d455854:5245444c41572d455854
5245444c41572d455854:5245444c41572d455854
5245444c4157:5245444c4157:5245444c4157
<MISSING>:<MISSING>
<MISSING>:<MISSING>
<MISSING>:<MISSING>
5245444c4157:5245444c4157:5245444c4157:<MISSING>
5245444c41572d455854:5245444c41572d455854:5245444c41572d455854
<MISSING>:<MISSING>
<MISSING>:<MISSING>
<MISSING>:<MISSING>
<MISSING>:<MISSING>
<MISSING>:<MISSING>
<MISSING>:<MISSING>
<MISSING>:<MISSING>
<MISSING>:<MISSING>
<MISSING>:<MISSING>
<MISSING>:<MISSING>
<MISSING>:<MISSING>
<MISSING>:<MISSING>
<MISSING>:<MISSING>
<MISSING>:<MISSING>
<MISSING>:<MISSING>
<MISSING>:<MISSING>
<MISSING>:<MISSING>
<MISSING>:<MISSING>
5245444c4157:5245444c4157:5245444c4157:<MISSING>:<MISSING>:<MISSING>
<MISSING>:<MISSING>
465243:465243
<MISSING>:<MISSING>
465243:465243
<MISSING>:<MISSING>
<MISSING>:<MISSING>
<MISSING>:<MISSING>
5245444c4157:<MISSING>:<MISSING>
<MISSING>:<MISSING>:<MISSING>
5245444c4157:5245444c4157:5245444c4157:5245444c4157:<MISSING>:<MISSING>:<MISSING>:<MISSING>
5245444c4157:<MISSING>
<MISSING>:<MISSING>
4561676c65:<MISSING>:4561676c65:<MISSING>
<MISSING>:<MISSING>
5245444c4157:5245444c4157:5245444c4157:<MISSING>
<MISSING>:<MISSING>
<MISSING>:<MISSING>
<MISSING>:<MISSING>
<MISSING>:<MISSING>
<MISSING>:<MISSING>
<MISSING>:<MISSING>
<MISSING>:<MISSING>
<MISSING>:<MISSING>
<MISSING>:<MISSING>
<MISSING>:<MISSING>
<MISSING>:<MISSING>
<MISSING>:6c69622d32383133303932
<MISSING>:<MISSING>
<MISSING>:<MISSING>
<MISSING>:<MISSING>
<MISSING>:<MISSING>
6c69622d32383133303932:<MISSING>
5245444c4157:5245444c4157
<MISSING>:6c69622d32383133303932:<MISSING>:6c69622d32383133303932
<MISSING>:<MISSING>
<MISSING>:<MISSING>
<MISSING>:<MISSING>
5245444c4157:5245444c4157:5245444c4157
<MISSING>:<MISSING>
<MISSING>:<MISSING>
5245444c4157:5245444c4157
<MISSING>:<MISSING>
<MISSING>:<MISSING>
<MISSING>:<MISSING>
<MISSING>:<MISSING>:6c69622d32383133303932
<MISSING>:6c69622d32383133303932
<MISSING>:<MISSING>
<MISSING>:<MISSING>
<MISSING>:<MISSING>
5245444c4157:<MISSING>:<MISSING>
<MISSING>:<MISSING>
<MISSING>:<MISSING>
5245444c4157:5245444c4157
<MISSING>:<MISSING>
<MISSING>:6c69622d32383133303932
<MISSING>:<MISSING>
<MISSING>:<MISSING>
<MISSING>:<MISSING>
<MISSING>:<MISSING>
<MISSING>:<MISSING>
<MISSING>:6c69622d32383133303932
<MISSING>:<MISSING>
<MISSING>:6c69622d32383133303932:<MISSING>:6c69622d32383133303932
<MISSING>:<MISSING>
<MISSING>:<MISSING>
<MISSING>:6c69622d32383133303932
<MISSING>:<MISSING>
<MISSING>:<MISSING>
<MISSING>:6c69622d32383133303932
4561676c65:<MISSING>:4561676c65:<MISSING>
<MISSING>:<MISSING>
<MISSING>:<MISSING>
<MISSING>:<MISSING>
5245444c4157:5245444c4157
<MISSING>:<MISSING>
<MISSING>:<MISSING>
5245444c4157:5245444c4157
<MISSING>:<MISSING>
5245444c4157:5245444c4157:5245444c4157:5245444c4157:<MISSING>
<MISSING>:<MISSING>
<MISSING>:<MISSING>:<MISSING>
<MISSING>:<MISSING>
<MISSING>:<MISSING>
<MISSING>:<MISSING>
<MISSING>:<MISSING>
<MISSING>:<MISSING>
42656c756d20393235:4e6f6b696120332e3120506c7573:4e6f6b696120332e3120506c7573:4e6f6b696120332e3120506c7573:42656c756d20393235:42656c756d20393235:42656c756d20393235:42656c756d20393235
<MISSING>:50697a7a61204c6f766572
<MISSING>:<MISSING>
4e6f6b696120332e3120506c7573:4e6f6b696120332e3120506c7573
<MISSING>:<MISSING>:<MISSING>
<MISSING>:<MISSING>
<MISSING>:<MISSING>
<MISSING>:<MISSING>
<MISSING>:4d49:4d49:<MISSING>
4b7561727a757a:4b7561727a757a
<MISSING>:<MISSING>
4b7561727a757a:4b7561727a757a
<MISSING>:<MISSING>
<MISSING>:<MISSING>
4d49:<MISSING>
4d49:<MISSING>
4d49:4d49:4d49
4d573435414e5f32443346:4d573435414e5f32443346
415251:415251
46545a2d53554e3031:46545a2d53554e3031:<MISSING>
46545a2d53554e3031:<MISSING>:<MISSING>:<MISSING>
536f6e6f735f636c463176484c4b6e6f615038683076694f45524f7551567569:536f6e6f735f636c463176484c4b6e6f615038683076694f45524f7551567569:536f6e6f735f636c463176484c4b6e6f615038683076694f45524f7551567569
536f6e6f735f636c463176484c4b6e6f615038683076694f45524f7551567569:536f6e6f735f636c463176484c4b6e6f615038683076694f45524f7551567569
56656761204865726e616e64657a:56656761204865726e616e64657a
536f6e6f735f636c463176484c4b6e6f615038683076694f45524f7551567569:536f6e6f735f636c463176484c4b6e6f615038683076694f45524f7551567569:536f6e6f735f636c463176484c4b6e6f615038683076694f45524f7551567569
<MISSING>:<MISSING>
536f6e6f735f636c463176484c4b6e6f615038683076694f45524f7551567569:536f6e6f735f636c463176484c4b6e6f615038683076694f45524f7551567569
<MISSING>:<MISSING>:<MISSING>
<MISSING>:<MISSING>
536f6e6f735f636c463176484c4b6e6f615038683076694f45524f7551567569:536f6e6f735f636c463176484c4b6e6f615038683076694f45524f7551567569
<MISSING>:<MISSING>
<MISSING>:<MISSING>
<MISSING>:<MISSING>
<MISSING>:<MISSING>
<MISSING>:<MISSING>:<MISSING>:<MISSING>
536f6e6f735f636c463176484c4b6e6f615038683076694f45524f7551567569:536f6e6f735f636c463176484c4b6e6f615038683076694f45524f7551567569
524f4e4754412d54455354:524f4e4754412d54455354
<MISSING>:<MISSING>
536d6172745f496e76697461646f73:536d6172745f496e76697461646f73
536d6172745f496e76697461646f73:536d6172745f496e76697461646f73
<MISSING>:<MISSING>
<MISSING>:<MISSING>
<MISSING>:<MISSING>
<MISSING>:67756573745f6e6574776f726b
<MISSING>:<MISSING>
4d756c7469706c617a6120457363617a75:4d756c7469706c617a6120457363617a75
<MISSING>:<MISSING>
4d6f7669737461725f30393132:4d6f7669737461725f30393132
<MISSING>:<MISSING>:<MISSING>
404d756c7469706c617a616672656577696669:404d756c7469706c617a616672656577696669
<MISSING>:<MISSING>:<MISSING>
<MISSING>:<MISSING>:<MISSING>:<MISSING>:<MISSING>
<MISSING>:<MISSING>:<MISSING>
<MISSING>:<MISSING>
<MISSING>:<MISSING>
<MISSING>:<MISSING>:<MISSING>:<MISSING>
<MISSING>:<MISSING>
<MISSING>:<MISSING>
<MISSING>:<MISSING>:416263313233343536:<MISSING>:666c6f7269646120686f74656c:<MISSING>
<MISSING>:<MISSING>
536d6172745f496e76697461646f73:536d6172745f496e76697461646f73
<MISSING>:<MISSING>
<MISSING>:<MISSING>
<MISSING>:<MISSING>
<MISSING>:<MISSING>
<MISSING>:<MISSING>
436c756220646520506c617961:<MISSING>:<MISSING>
<MISSING>:<MISSING>
<MISSING>:<MISSING>:<MISSING>
<MISSING>:<MISSING>
<MISSING>:<MISSING>
<MISSING>:<MISSING>
<MISSING>:<MISSING>
<MISSING>:<MISSING>
<MISSING>:<MISSING>
<MISSING>:<MISSING>
<MISSING>:<MISSING>:<MISSING>
<MISSING>:<MISSING>
4d6f7669737461725f30393132:4d6f7669737461725f30393132
<MISSING>:<MISSING>
536d6172745f496e76697461646f73:536d6172745f496e76697461646f73
<MISSING>:<MISSING>
<MISSING>:<MISSING>
<MISSING>:<MISSING>
<MISSING>:<MISSING>
<MISSING>:<MISSING>:<MISSING>
4970686f6e65:<MISSING>
<MISSING>:<MISSING>
<MISSING>:<MISSING>
<MISSING>:<MISSING>
<MISSING>:<MISSING>
425044436e6574:<MISSING>
<MISSING>:<MISSING>
<MISSING>:<MISSING>:<MISSING>
<MISSING>:<MISSING>
<MISSING>:536d6172745f496e76697461646f73
<MISSING>:<MISSING>
<MISSING>:<MISSING>
<MISSING>:<MISSING>:<MISSING>
524f4e4754412d54455354:524f4e4754412d54455354
<MISSING>:<MISSING>
<MISSING>:<MISSING>
<MISSING>:<MISSING>
<MISSING>:<MISSING>
<MISSING>:<MISSING>
<MISSING>:<MISSING>
<MISSING>:<MISSING>
<MISSING>:<MISSING>
<MISSING>:<MISSING>
<MISSING>:<MISSING>
<MISSING>:<MISSING>
<MISSING>:<MISSING>
<MISSING>:<MISSING>:<MISSING>
<MISSING>:<MISSING>
4d6f7669737461725f30393132:4d6f7669737461725f30393132:4d6f7669737461725f30393132
<MISSING>:676f6c66636f737461:7275736961:676f6c66636f737461
<MISSING>:<MISSING>
<MISSING>:<MISSING>:<MISSING>
<MISSING>:<MISSING>
<MISSING>:<MISSING>
536d6172745f496e76697461646f73:536d6172745f496e76697461646f73:536d6172745f496e76697461646f73:536d6172745f496e76697461646f73:536d6172745f496e76697461646f73:536d6172745f496e76697461646f73:536d6172745f496e76697461646f73:536d6172745f496e76697461646f73:536d6172745f496e76697461646f73:536d6172745f496e76697461646f73:536d6172745f496e76697461646f73:536d6172745f496e76697461646f73:536d6172745f496e76697461646f73:536d6172745f496e76697461646f73:536d6172745f496e76697461646f73:536d6172745f496e76697461646f73:536d6172745f496e76697461646f73:536d6172745f496e76697461646f73:536d6172745f496e76697461646f73:536d6172745f496e76697461646f73:536d6172745f496e76697461646f73:536d6172745f496e76697461646f73:536d6172745f496e76697461646f73:536d6172745f496e76697461646f73:536d6172745f496e76697461646f73:536d6172745f496e76697461646f73:536d6172745f496e76697461646f73:536d6172745f496e76697461646f73
<MISSING>:<MISSING>
425044436e6574:<MISSING>
524f4e4754412d54455354:524f4e4754412d54455354
<MISSING>:<MISSING>
<MISSING>:<MISSING>
<MISSING>:<MISSING>
<MISSING>:<MISSING>
<MISSING>:67756573745f6e6574776f726b
536d6172745f496e76697461646f73:536d6172745f496e76697461646f73
<MISSING>:<MISSING>
<MISSING>:<MISSING>
<MISSING>:<MISSING>
<MISSING>:<MISSING>
436c69656e746573424e:436c69656e746573424e
<MISSING>:<MISSING>
536d6172745f496e76697461646f73:536d6172745f496e76697461646f73:536d6172745f496e76697461646f73
<MISSING>:<MISSING>
<MISSING>:<MISSING>
4d6f7669737461725f30393132:4d6f7669737461725f30393132:4d6f7669737461725f30393132
<MISSING>:43434352:736b796e6574:<MISSING>:43434352:54502d4c696e6b5f44433846:736b796e6574
50697a7a61204c6f766572:<MISSING>
536d6172745f496e76697461646f73:536d6172745f496e76697461646f73
404d756c7469706c617a616672656577696669:3346706f737769666931:<MISSING>:404d756c7469706c617a616672656577696669:<MISSING>
<MISSING>:<MISSING>
<MISSING>:<MISSING>
<MISSING>:<MISSING>:<MISSING>
<MISSING>:<MISSING>
<MISSING>:<MISSING>
<MISSING>:<MISSING>
<MISSING>:<MISSING>
<MISSING>:<MISSING>
<MISSING>:<MISSING>
<MISSING>:<MISSING>
<MISSING>:<MISSING>:<MISSING>:<MISSING>
<MISSING>:<MISSING>
<MISSING>:<MISSING>:<MISSING>
<MISSING>:<MISSING>
<MISSING>:<MISSING>
<MISSING>:<MISSING>
4d6f7669737461725f30393132:4d6f7669737461725f30393132
<MISSING>:<MISSING>
455a45515549454c20:46616d696c6961204a696d656e657a:<MISSING>
<MISSING>:<MISSING>
<MISSING>:<MISSING>
<MISSING>:<MISSING>
<MISSING>:<MISSING>
536d6172745f496e76697461646f73:<MISSING>:536d6172745f496e76697461646f73
<MISSING>:<MISSING>
<MISSING>:<MISSING>:<MISSING>
<MISSING>:<MISSING>
<MISSING>:416263313233343536:666c6f7269646120686f74656c:<MISSING>:666c6f7269646120686f74656c:<MISSING>
<MISSING>:5061796c65737327732047616c61787920413132:46616d696c696120536f6c6f727a616e6f
<MISSING>:<MISSING>
<MISSING>:3343343032394433:<MISSING>
42414320437265646f6d617469632057494649:42414320437265646f6d617469632057494649
20:<MISSING>
<MISSING>:<MISSING>
<MISSING>:<MISSING>
42414320437265646f6d617469632057494649:42414320437265646f6d617469632057494649
4d6f7669737461725f30393132:4d6f7669737461725f30393132
<MISSING>:6d656c656e64657a3136303561:<MISSING>:4165726f6d657869636f:6d656c656e64657a3136303561
<MISSING>:<MISSING>:<MISSING>
<MISSING>:<MISSING>
<MISSING>:<MISSING>
4d656469614368616e6e656c2d696e7465726e61:4d656469614368616e6e656c2d696e7465726e61:<MISSING>:<MISSING>:<MISSING>
<MISSING>:43434352:54502d4c696e6b5f44433846:736b796e6574:43434352
<MISSING>:<MISSING>
<MISSING>:<MISSING>
<MISSING>:<MISSING>
<MISSING>:<MISSING>
<MISSING>:<MISSING>
<MISSING>:<MISSING>
<MISSING>:50697a7a61204c6f766572:<MISSING>:50697a7a61204c6f766572
<MISSING>:<MISSING>
<MISSING>:736b796e6574
<MISSING>:<MISSING>
<MISSING>:<MISSING>
4970686f6e65:<MISSING>
<MISSING>:<MISSING>:<MISSING>:<MISSING>
536d6172745f496e76697461646f73:536d6172745f496e76697461646f73
<MISSING>:<MISSING>
<MISSING>:<MISSING>
<MISSING>:<MISSING>
<MISSING>:<MISSING>
<MISSING>:<MISSING>:<MISSING>
<MISSING>:<MISSING>
<MISSING>:<MISSING>
<MISSING>:<MISSING>
4d6f7669737461725f30393132:4d6f7669737461725f30393132:4d6f7669737461725f30393132:4d6f7669737461725f30393132
<MISSING>:<MISSING>:<MISSING>
<MISSING>:43434352:54502d4c696e6b5f44433846:736b796e6574:<MISSING>:736b796e6574
<MISSING>:<MISSING>
<MISSING>:<MISSING>:<MISSING>:<MISSING>
<MISSING>:<MISSING>
<MISSING>:<MISSING>
4d656469614368616e6e656c2d696e7465726e61:4d656469614368616e6e656c2d696e7465726e61:<MISSING>:<MISSING>
524f4e4754412d54455354:524f4e4754412d54455354
<MISSING>:<MISSING>
42414320437265646f6d617469632057494649:42414320437265646f6d617469632057494649
<MISSING>:<MISSING>:<MISSING>
<MISSING>:<MISSING>
<MISSING>:<MISSING>:<MISSING>:<MISSING>
<MISSING>:<MISSING>
<MISSING>:<MISSING>
<MISSING>:<MISSING>:<MISSING>
<MISSING>:<MISSING>
<MISSING>:43434352:54502d4c696e6b5f44433846:<MISSING>:43434352
<MISSING>:<MISSING>
<MISSING>:<MISSING>
<MISSING>:<MISSING>
<MISSING>:<MISSING>
4970686f6e65:<MISSING>
524f4e4754412d54455354:524f4e4754412d54455354
<MISSING>:<MISSING>
<MISSING>:50697a7a61204c6f766572:<MISSING>:50697a7a61204c6f766572
<MISSING>:<MISSING>
<MISSING>:<MISSING>
<MISSING>:<MISSING>:<MISSING>
<MISSING>:<MISSING>
<MISSING>:<MISSING>
<MISSING>:<MISSING>
<MISSING>:<MISSING>
20:425044436e6574:<MISSING>
<MISSING>:<MISSING>
<MISSING>:<MISSING>
<MISSING>:<MISSING>
<MISSING>:<MISSING>
<MISSING>:<MISSING>
<MISSING>:<MISSING>
416263313233343536:<MISSING>:416263313233343536
<MISSING>:<MISSING>
<MISSING>:<MISSING>:<MISSING>:<MISSING>
<MISSING>:<MISSING>
<MISSING>:<MISSING>
<MISSING>:<MISSING>
524f4e4754412d54455354:524f4e4754412d54455354
4d6f7669737461725f30393132:4d6f7669737461725f30393132
<MISSING>:<MISSING>
<MISSING>:<MISSING>
<MISSING>:<MISSING>
<MISSING>:<MISSING>
<MISSING>:3343343032394433:<MISSING>:3343343032394433:<MISSING>:3343343032394433
<MISSING>:<MISSING>:<MISSING>
524f4e4754412d54455354:524f4e4754412d54455354
<MISSING>:<MISSING>
<MISSING>:<MISSING>
<MISSING>:4165726f6d657869636f:61626364653132333435:6d656c656e64657a3136303561:<MISSING>:4165726f6d657869636f:<MISSING>:4165726f6d657869636f
<MISSING>:<MISSING>
<MISSING>:<MISSING>:<MISSING>
<MISSING>:<MISSING>
425044436e6574:<MISSING>
<MISSING>:<MISSING>
7370656564:<MISSING>:5441434f2057492d4649524520f09f8caef09f94a5f09f9a80:5844:504f434f2058362050726f203547
524f4e4754412d54455354:524f4e4754412d54455354
<MISSING>:<MISSING>
<MISSING>:<MISSING>
<MISSING>:<MISSING>
4d756c7469706c617a6120457363617a75:4d756c7469706c617a6120457363617a75
<MISSING>:<MISSING>
<MISSING>:<MISSING>:<MISSING>
<MISSING>:<MISSING>
536f6e6f735f636c463176484c4b6e6f615038683076694f45524f7551567569:536f6e6f735f636c463176484c4b6e6f615038683076694f45524f7551567569
536f6e6f735f636c463176484c4b6e6f615038683076694f45524f7551567569:536f6e6f735f636c463176484c4b6e6f615038683076694f45524f7551567569
<MISSING>:<MISSING>
42616e73626163685f436c69656e7465734d50:42616e73626163685f436c69656e7465734d50
<MISSING>:<MISSING>
536f6e6f735f636c463176484c4b6e6f615038683076694f45524f7551567569:536f6e6f735f636c463176484c4b6e6f615038683076694f45524f7551567569:536f6e6f735f636c463176484c4b6e6f615038683076694f45524f7551567569
<MISSING>:313047
313047:<MISSING>:313047
<MISSING>:<MISSING>
<MISSING>:<MISSING>
46545a2d53554e3031:46545a2d53554e3031:<MISSING>
536f6e6f735f636c463176484c4b6e6f615038683076694f45524f7551567569:536f6e6f735f636c463176484c4b6e6f615038683076694f45524f7551567569:536f6e6f735f636c463176484c4b6e6f615038683076694f45524f7551567569
486f73706974616c2043494d41:50616e64656c69204775657374:3a3a42756c616c6920467265653a3a:50656e6f726c69:5069636e696320506174696f:416e6173747564696f
3a3a2042756c616c692046726565203a3a3a:3a3a2042756c616c692046726565203a3a3a
747572626f6e6574:<MISSING>
4f5441:41484d4f5441
5069636e696320506174696f:5069636e696320506174696f
<MISSING>:<MISSING>
<MISSING>:<MISSING>
<MISSING>:<MISSING>
4f5441:43484f5441
3a3a2042756c616c692046726565203a3a3a:3a3a2042756c616c692046726565203a3a3a
<MISSING>:<MISSING>
<MISSING>:<MISSING>
<MISSING>:<MISSING>
5072696e746572303032:5072696e746572303032:5072696e746572303032
3a3a2042756c616c692046726565203a3a3a:3a3a2042756c616c692046726565203a3a3a
3844423038333944:3844423038333944
3a3a2042756c616c692046726565203a3a3a:3a3a2042756c616c692046726565203a3a3a
5072696e746572303032:5072696e746572303032
3a3a2042756c616c692046726565203a3a3a:3a3a2042756c616c692046726565203a3a3a
4f5441:43484f5441:<MISSING>:41484d4f5441:43484f5441:<MISSING>
<MISSING>:<MISSING>
<MISSING>:<MISSING>
636573686939:<MISSING>
3a3a2042756c616c692046726565203a3a3a:3a3a2042756c616c692046726565203a3a3a
41484d4f5441:43484f5441
<MISSING>:<MISSING>
636573686939:<MISSING>
3a3a2042756c616c692046726565203a3a3a:3a3a2042756c616c692046726565203a3a3a
636573686939:636573686939:<MISSING>
5072696e746572303032:5072696e746572303032
5072696e746572303035:5072696e746572303035
<MISSING>:<MISSING>
5072696e746572303031:5072696e746572303031
5072696e746572303032:5072696e746572303032
<MISSING>:<MISSING>
4f5441:43484f5441:43484f5441
5072696e746572303031:5072696e746572303031
5072696e746572303032:5072696e746572303032
<MISSING>:<MISSING>
<MISSING>:<MISSING>
5072696e746572303032:5072696e746572303032:5072696e746572303032:5072696e746572303032
5072696e746572303035:5072696e746572303035
4449524543542d424d57203933303632:4449524543542d424d57203933303632
<MISSING>:<MISSING>
5072696e746572303032:5072696e746572303032
<MISSING>:<MISSING>
<MISSING>:<MISSING>
3a3a2042756c616c692046726565203a3a3a:3a3a2042756c616c692046726565203a3a3a
636573686939:<MISSING>:636573686939
<MISSING>:<MISSING>
<MISSING>:<MISSING>
5072696e746572303032:5072696e746572303032
3844423038333944:3844423038333944
4f5441:41484d4f5441:<MISSING>:<MISSING>
<MISSING>:<MISSING>
<MISSING>:<MISSING>
5072696e746572303032:5072696e746572303032
<MISSING>:<MISSING>
<MISSING>:<MISSING>
<MISSING>:<MISSING>
<MISSING>:<MISSING>
3a3a2042756c616c692046726565203a3a3a:3a3a2042756c616c692046726565203a3a3a
5072696e746572303032:5072696e746572303032
5072696e746572303032:5072696e746572303032:5072696e746572303032
5072696e746572303031:5072696e746572303031
636573686939:<MISSING>
5072696e746572303035:5072696e746572303035
<MISSING>:<MISSING>
<MISSING>:<MISSING>:<MISSING>
<MISSING>:<MISSING>
43484f5441:4f5441:41484d4f5441
5072696e746572303031:5072696e746572303031
636573686939:<MISSING>
5072696e746572303032:5072696e746572303032
<MISSING>:<MISSING>
41484d4f5441:43484f5441:<MISSING>:<MISSING>
3a3a2042756c616c692046726565203a3a3a:3a3a2042756c616c692046726565203a3a3a
<MISSING>:<MISSING>
<MISSING>:<MISSING>
5072696e746572303031:5072696e746572303031
3a3a2042756c616c692046726565203a3a3a:3a3a2042756c616c692046726565203a3a3a
<MISSING>:<MISSING>
<MISSING>:<MISSING>
3a3a2042756c616c692046726565203a3a3a:3a3a2042756c616c692046726565203a3a3a
4f5441:43484f5441:<MISSING>
<MISSING>:<MISSING>
<MISSING>:<MISSING>
<MISSING>:<MISSING>
5072696e746572303035:5072696e746572303035:5072696e746572303035
<MISSING>:<MISSING>
<MISSING>:<MISSING>:<MISSING>
5072696e746572303031:5072696e746572303031:5072696e746572303031
5072696e746572303032:5072696e746572303032
<MISSING>:<MISSING>
5072696e746572303035:5072696e746572303035
5069636e696320506174696f:5069636e696320506174696f
<MISSING>:<MISSING>
<MISSING>:<MISSING>
4f5441:43484f5441:43484f5441
5072696e746572303035:5072696e746572303035
3a3a2042756c616c692046726565203a3a3a:3a3a2042756c616c692046726565203a3a3a
4f5441:41484d4f5441:43484f5441:<MISSING>:4f5441
5072696e746572303032:5072696e746572303032:5072696e746572303032
5072696e746572303031:5072696e746572303031
<MISSING>:<MISSING>
506f72746f2038202d205072656d69756d20536561666f6f64:486f73706974616c2043494d41:46616d696c69612050697a61:54524942454341204556454e544f53:50616e64656c692050696e6172657320:50616e64656c69204775657374:4761627269656c612042617272616e746573203547354735473547:48534a44
<MISSING>:<MISSING>
5072696e746572303031:5072696e746572303031
<MISSING>:41484d4f5441
4f5441:43484f5441
5069434e694320436c69656e746573:5069434e694320436c69656e746573
5072696e746572303032:5072696e746572303032:5072696e746572303032
<MISSING>:<MISSING>
50504f53:50504f53
5072696e746572303032:5072696e746572303032:5072696e746572303032
<MISSING>:<MISSING>
4f5441:41484d4f5441:43484f5441
<MISSING>:<MISSING>
<MISSING>:<MISSING>
5072696e746572303032:5072696e746572303032:5072696e746572303032
<MISSING>:41484d4f5441
<MISSING>:<MISSING>
3a3a2042756c616c692046726565203a3a3a:3a3a2042756c616c692046726565203a3a3a
5072696e746572303032:5072696e746572303032
<MISSING>:<MISSING>:<MISSING>
5072696e746572303032:5072696e746572303032:5072696e746572303032
636573686939:<MISSING>
<MISSING>:<MISSING>
<MISSING>:<MISSING>
5072696e746572303032:5072696e746572303032:5072696e746572303032
<MISSING>:<MISSING>
<MISSING>:<MISSING>
43484f5441:<MISSING>
<MISSING>:<MISSING>
4f5441:43484f5441
<MISSING>:<MISSING>
<MISSING>:<MISSING>
5072696e746572303032:5072696e746572303032
636573686939:<MISSING>
<MISSING>:<MISSING>
<MISSING>:<MISSING>
636573686939:<MISSING>
<MISSING>:<MISSING>
5072696e746572303032:5072696e746572303032:5072696e746572303032
<MISSING>:<MISSING>
<MISSING>:<MISSING>
5072696e746572303032:5072696e746572303032:5072696e746572303032
<MISSING>:<MISSING>
5072696e746572303031:5072696e746572303031
524a4d2041626f6761646f7320494e56495441444f53:524a4d2041626f6761646f7320494e56495441444f53
3a3a2042756c616c692046726565203a3a3a:3a3a2042756c616c692046726565203a3a3a
4f5441:41484d4f5441:43484f5441:4f5441:<MISSING>
4f5441:43484f5441:<MISSING>
50524f4e55564f2d3547:50524f4e55564f2d3547:50524f4e55564f2d3547:50524f4e55564f2d3547:50524f4e55564f2d3547:50524f4e55564f2d3547
41484d4f5441:43484f5441:<MISSING>
<MISSING>:<MISSING>
5072696e746572303032:5072696e746572303032
<MISSING>:<MISSING>
41484d4f5441:43484f5441
<MISSING>:<MISSING>
5072696e746572303032:5072696e746572303032:5072696e746572303032
<MISSING>:<MISSING>:<MISSING>
43484f5441:<MISSING>
<MISSING>:<MISSING>
636573686939:<MISSING>:<MISSING>
4f5441:43484f5441
<MISSING>:<MISSING>
<MISSING>:4f5441:43484f5441:<MISSING>
5072696e746572303035:5072696e746572303035:5072696e746572303035
<MISSING>:<MISSING>
5072696e746572303032:5072696e746572303032:5072696e746572303032
5072696e746572303031:5072696e746572303031
5069636e6963205469656e646120:<MISSING>
5072696e746572303031:5072696e746572303031
<MISSING>:<MISSING>
<MISSING>:<MISSING>:<MISSING>:<MISSING>
<MISSING>:<MISSING>
5072696e746572303032:5072696e746572303032
4f5441:41484d4f5441:43484f5441:<MISSING>
<MISSING>:<MISSING>
4f5441:41484d4f5441:43484f5441:<MISSING>:43484f5441
3a3a2042756c616c692046726565203a3a3a:3a3a2042756c616c692046726565203a3a3a
<MISSING>:<MISSING>
5072696e746572303032:5072696e746572303032:5072696e746572303032
<MISSING>:<MISSING>
3a3a2042756c616c692046726565203a3a3a:3a3a2042756c616c692046726565203a3a3a
5072696e746572303032:5072696e746572303032:5072696e746572303032
<MISSING>:<MISSING>
<MISSING>:<MISSING>:<MISSING>
<MISSING>:<MISSING>
<MISSING>:<MISSING>
5072696e746572303032:5072696e746572303032
3a3a2042756c616c692046726565203a3a3a:3a3a2042756c616c692046726565203a3a3a
41484d4f5441:<MISSING>:4f5441:41484d4f5441:<MISSING>
50524f4e55564f2d3547:50524f4e55564f2d3547:50524f4e55564f2d3547:50524f4e55564f2d3547:50524f4e55564f2d3547:50524f4e55564f2d3547
5069636e696320506174696f:5069636e696320506174696f
636573686939:<MISSING>
3a3a2042756c616c692046726565203a3a3a:3a3a2042756c616c692046726565203a3a3a
5072696e746572303032:5072696e746572303032:5072696e746572303032
<MISSING>:<MISSING>
<MISSING>:<MISSING>
<MISSING>:<MISSING>
5245444c4157:<MISSING>:<MISSING>
<MISSING>:<MISSING>
<MISSING>:<MISSING>
<MISSING>:<MISSING>
<MISSING>:<MISSING>
<MISSING>:<MISSING>
<MISSING>:<MISSING>
<MISSING>:<MISSING>
<MISSING>:<MISSING>
5245444c4157:5245444c4157:<MISSING>:<MISSING>
<MISSING>:<MISSING>
<MISSING>:<MISSING>
<MISSING>:<MISSING>
<MISSING>:<MISSING>
<MISSING>:<MISSING>
4449524543542d:4449524543542d:4449524543542d:4449524543542d726f6b752d3631372d453131464436:4449524543542d:4449524543542d:4449524543542d
5245444c4157:<MISSING>:<MISSING>
<MISSING>:<MISSING>
<MISSING>:<MISSING>
46616d696c6961205654:46616d696c6961205654
<MISSING>:<MISSING>
<MISSING>:<MISSING>
<MISSING>:<MISSING>
5245444c4157:5245444c4157:<MISSING>
<MISSING>:<MISSING>
<MISSING>:<MISSING>
<MISSING>:<MISSING>
<MISSING>:<MISSING>
<MISSING>:<MISSING>
<MISSING>:<MISSING>
5245444c4157:5245444c4157:<MISSING>:<MISSING>
<MISSING>:<MISSING>
465243:465243
<MISSING>:<MISSING>
<MISSING>:<MISSING>
<MISSING>:<MISSING>
<MISSING>:<MISSING>
<MISSING>:<MISSING>
<MISSING>:<MISSING>
46616d204f7465726f203547:46616d204f7465726f203547
<MISSING>:<MISSING>
<MISSING>:<MISSING>
<MISSING>:<MISSING>
<MISSING>:<MISSING>:<MISSING>
<MISSING>:<MISSING>
<MISSING>:<MISSING>
<MISSING>:<MISSING>
<MISSING>:<MISSING>
5245444c4157:5245444c4157:5245444c4157:5245444c4157
4c49422d35343638343136:4c49422d35343638343136
<MISSING>:<MISSING>
434741:434741:434741
<MISSING>:<MISSING>
434741:434741:434741
434741:434741:434741:434741
<MISSING>:<MISSING>
5245444c4157:<MISSING>:<MISSING>
<MISSING>:<MISSING>
<MISSING>:<MISSING>
<MISSING>:<MISSING>
4c49422d35343638343136:4c49422d35343638343136:4c49422d35343638343136
4c49422d35343638343136:4c49422d35343638343136:4c49422d35343638343136:4c49422d35343638343136:4c49422d35343638343136
<MISSING>:<MISSING>
<MISSING>:<MISSING>
5245444c4157:5245444c4157
<MISSING>:<MISSING>
<MISSING>:<MISSING>
4449524543542d:4449524543542d:4449524543542d:4449524543542d:4449524543542d:4449524543542d:4449524543542d:4449524543542d:4449524543542d:4449524543542d:4449524543542d:4449524543542d:4449524543542d:4449524543542d:4449524543542d:4449524543542d:4449524543542d:4449524543542d:4449524543542d:4449524543542d:4449524543542d:4449524543542d:4449524543542d:4449524543542d:4449524543542d:4449524543542d:4449524543542d:4449524543542d:4449524543542d726f6b752d3631372d453131464436:4449524543542d:4449524543542d:4449524543542d:4449524543542d:4449524543542d:4449524543542d:4449524543542d:4449524543542d:4449524543542d:4449524543542d726f6b752d3631372d453131464436
<MISSING>:<MISSING>
<MISSING>:<MISSING>:<MISSING>
5245444c4157:5245444c4157:5245444c4157:5245444c4157
<MISSING>:<MISSING>
<MISSING>:<MISSING>
<MISSING>:<MISSING>
<MISSING>:<MISSING>
4c61757261204a6f737565:4c61757261204a6f737565
4e6f6f646c6573:4e6f6f646c6573
4e6f6f646c6573:4e6f6f646c6573:4e6f6f646c6573:4e6f6f646c6573
<MISSING>:<MISSING>
<MISSING>:<MISSING>
<MISSING>:<MISSING>
4e6f6f646c6573:4e6f6f646c6573
4e6f6f646c6573:4e6f6f646c6573
434741:434741
<MISSING>:56697369746173:63617361203339:66696c6969:6970686f6e65206d69746f:76697369746173:<MISSING>:56697369746173:63617361203339:6d6f636170616e:76697369746173:<MISSING>
4e6f6f646c6573:4e6f6f646c6573
<MISSING>:<MISSING>
4d756c7469706c617a61:<MISSING>:4d756c7469706c617a61
<MISSING>:<MISSING>
<MISSING>:<MISSING>
42696f64656e74616c203547:42696f64656e74616c203547
<MISSING>:<MISSING>
<MISSING>:<MISSING>
<MISSING>:4d756c7469706c617a61:4d756c7469706c617a61
<MISSING>:<MISSING>
<MISSING>:<MISSING>
<MISSING>:<MISSING>
<MISSING>:<MISSING>
4d756c7469706c617a61:4d756c7469706c617a61:4d756c7469706c617a61
<MISSING>:<MISSING>:<MISSING>:<MISSING>:<MISSING>:<MISSING>
535349443a4361737474762d33463137:6361737474762d33463137
<MISSING>:<MISSING>
<MISSING>:<MISSING>
<MISSING>:<MISSING>:<MISSING>:<MISSING>
4d756c7469706c617a61:<MISSING>:<MISSING>
<MISSING>:<MISSING>
<MISSING>:<MISSING>
<MISSING>:<MISSING>
<MISSING>:<MISSING>
<MISSING>:<MISSING>
<MISSING>:<MISSING>:<MISSING>
<MISSING>:<MISSING>
<MISSING>:<MISSING>:<MISSING>
656e656c6775657374:656e656c6775657374
<MISSING>:<MISSING>
<MISSING>:<MISSING>
414f4c204775657374:<MISSING>
<MISSING>:<MISSING>
45636c61746520626561757479:45636c61746520626561757479:45636c61746520626561757479:45636c61746520626561757479:45636c61746520626561757479:45636c61746520626561757479:45636c61746520626561757479:45636c61746520626561757479:45636c61746520626561757479:45636c61746520626561757479:45636c61746520626561757479:45636c61746520626561757479
<MISSING>:<MISSING>
<MISSING>:<MISSING>
<MISSING>:<MISSING>
<MISSING>:<MISSING>
<MISSING>:<MISSING>
<MISSING>:<MISSING>
<MISSING>:<MISSING>
<MISSING>:<MISSING>
<MISSING>:<MISSING>
<MISSING>:<MISSING>
45636c61746520626561757479:45636c61746520626561757479:45636c61746520626561757479:45636c61746520626561757479:45636c61746520626561757479:45636c61746520626561757479:45636c61746520626561757479:45636c61746520626561757479:45636c61746520626561757479:45636c61746520626561757479:45636c61746520626561757479
45636c61746520626561757479:45636c61746520626561757479:45636c61746520626561757479:45636c61746520626561757479:45636c61746520626561757479:45636c61746520626561757479:45636c61746520626561757479
<MISSING>:<MISSING>
45636c61746520626561757479:45636c61746520626561757479:45636c61746520626561757479:45636c61746520626561757479:45636c61746520626561757479:45636c61746520626561757479:45636c61746520626561757479
<MISSING>:<MISSING>
45636c61746520626561757479:45636c61746520626561757479:45636c61746520626561757479:45636c61746520626561757479:45636c61746520626561757479:45636c61746520626561757479:45636c61746520626561757479:45636c61746520626561757479:45636c61746520626561757479:45636c61746520626561757479:45636c61746520626561757479
<MISSING>:<MISSING>
45636c61746520626561757479:45636c61746520626561757479:45636c61746520626561757479
45636c61746520626561757479:45636c61746520626561757479
45636c61746520626561757479:45636c61746520626561757479:45636c61746520626561757479:45636c61746520626561757479:45636c61746520626561757479:45636c61746520626561757479:45636c61746520626561757479:45636c61746520626561757479:45636c61746520626561757479:45636c61746520626561757479:45636c61746520626561757479:45636c61746520626561757479
45636c61746520626561757479:45636c61746520626561757479
45636c61746520626561757479:45636c61746520626561757479:45636c61746520626561757479:45636c61746520626561757479:45636c61746520626561757479:45636c61746520626561757479:45636c61746520626561757479:45636c61746520626561757479
45636c61746520626561757479:45636c61746520626561757479:45636c61746520626561757479:45636c61746520626561757479:45636c61746520626561757479:45636c61746520626561757479:45636c61746520626561757479
<MISSING>:<MISSING>
<MISSING>:<MISSING>:<MISSING>
<MISSING>:<MISSING>
<MISSING>:<MISSING>
42696f64656e74616c203547:42696f64656e74616c203547:42696f64656e74616c203547
<MISSING>:<MISSING>
<MISSING>:<MISSING>
535349443a4361737474762d33463137:6361737474762d33463137
656e656c6775657374:656e656c6775657374
6e6f77697265737632:4244576972656c657373:4244576972656c657373:<MISSING>
6950686f6e65206465204e6174616c696120283229:6950686f6e65206465204e6174616c696120283229
6950686f6e65206465204e6174616c696120283229:6950686f6e65206465204e6174616c696120283229:6950686f6e65206465204e6174616c696120283229
<MISSING>:<MISSING>
<MISSING>:<MISSING>:<MISSING>
6950686f6e65206465204e6174616c696120283229:<MISSING>:<MISSING>
<MISSING>:<MISSING>
6950686f6e65206465204e6174616c696120283229:6950686f6e65206465204e6174616c696120283229:6950686f6e65206465204e6174616c696120283229:6950686f6e65206465204e6174616c696120283229
<MISSING>:<MISSING>
45636c61746520626561757479:45636c61746520626561757479:45636c61746520626561757479:45636c61746520626561757479:45636c61746520626561757479:45636c61746520626561757479:45636c61746520626561757479:45636c61746520626561757479:45636c61746520626561757479:45636c61746520626561757479:45636c61746520626561757479:45636c61746520626561757479:45636c61746520626561757479:45636c61746520626561757479
6970686f6e65206465204e6e61:6970686f6e65206465204e6e61
45636c61746520626561757479:45636c61746520626561757479:45636c61746520626561757479:45636c61746520626561757479:45636c61746520626561757479
4150e2809973205248542d35475f3247:<MISSING>
<MISSING>:<MISSING>:<MISSING>:<MISSING>
<MISSING>:<MISSING>
656e656c6775657374:656e656c6775657374
<MISSING>:<MISSING>
<MISSING>:<MISSING>:<MISSING>
4449524543542d:4449524543542d:4449524543542d:4449524543542d:4449524543542d:4449524543542d
<MISSING>:<MISSING>:<MISSING>:<MISSING>
4449524543542d:4449524543542d
<MISSING>:<MISSING>
4449524543542d:4449524543542d:4449524543542d:4449524543542d
4449524543542d:4449524543542d
<MISSING>:<MISSING>
<MISSING>:<MISSING>:<MISSING>
<MISSING>:<MISSING>
<MISSING>:<MISSING>
<MISSING>:<MISSING>:<MISSING>
<MISSING>:<MISSING>:<MISSING>
<MISSING>:<MISSING>
<MISSING>:<MISSING>
<MISSING>:<MISSING>
537461726275636b73:537461726275636b73
<MISSING>:<MISSING>
405275696a69652d7332424233:405275696a69652d7332424233
<MISSING>:<MISSING>
424d5720496e7465726e6f:477275706f383233:<MISSING>
<MISSING>:<MISSING>:<MISSING>
<MISSING>:<MISSING>
<MISSING>:<MISSING>
537461726275636b73:537461726275636b73:537461726275636b73
537461726275636b73:537461726275636b73
<MISSING>:<MISSING>
<MISSING>:<MISSING>
537461726275636b73:537461726275636b73
<MISSING>:<MISSING>
43484f5441:4f5441:41484d4f5441:43484f5441:4f5441:41484d4f5441:43484f5441:<MISSING>
<MISSING>:<MISSING>
<MISSING>:<MISSING>
<MISSING>:<MISSING>
544d6f62696c6557696e676d616e:544d6f62696c6557696e676d616e
<MISSING>:<MISSING>
<MISSING>:<MISSING>:<MISSING>:<MISSING>
<MISSING>:<MISSING>
<MISSING>:<MISSING>
<MISSING>:<MISSING>:<MISSING>:<MISSING>:<MISSING>:<MISSING>:<MISSING>
<MISSING>:<MISSING>:<MISSING>:<MISSING>:<MISSING>:<MISSING>
4a5146:4a5146:4a5146
<MISSING>:<MISSING>
<MISSING>:<MISSING>:<MISSING>:<MISSING>:<MISSING>
<MISSING>:<MISSING>
4c617073617232303038:4c617073617232303038:<MISSING>
54696e6f204361722032:54696e6f204361722032:54696e6f204361722032:54696e6f204361722032
4c617073617232303038:4c617073617232303038
<MISSING>:486f74656c204361736120436f6e6465:6570736f6e3939:<MISSING>:486f74656c204361736120436f6e6465
47616c617879204133342035472043393539:47616c617879204133342035472043393539:47616c617879204133342035472043393539:47616c617879204133342035472043393539:47616c617879204133342035472043393539:47616c617879204133342035472043393539:47616c617879204133342035472043393539:47616c617879204133342035472043393539:47616c617879204133342035472043393539:47616c617879204133342035472043393539:47616c617879204133342035472043393539
4570736f6e:486f6c74656c206361736120636f6e646520343037
<MISSING>:<MISSING>:446f63656e7465734e75657661:446f63656e7465734e75657661
<MISSING>:<MISSING>:<MISSING>:446f63656e7465734e75657661:446f63656e7465734e75657661:446f63656e7465734e75657661
52696f7320536571756569726120:52696f7320536571756569726120:52696f7320536571756569726120:52696f7320536571756569726120
<MISSING>:<MISSING>
52696f7320536571756569726120:52696f7320536571756569726120:52696f7320536571756569726120:52696f7320536571756569726120
<MISSING>:<MISSING>
52696f7320536571756569726120:52696f7320536571756569726120:52696f7320536571756569726120
<MISSING>:<MISSING>:<MISSING>:<MISSING>:<MISSING>
41697265732e5075726f73:41697265732e5075726f73:41697265732e5075726f73
<MISSING>:<MISSING>
<MISSING>:<MISSING>
50554a4f4c:50554a4f4c
<MISSING>:<MISSING>
50554a4f4c:50554a4f4c
<MISSING>:<MISSING>
<MISSING>:<MISSING>
<MISSING>:<MISSING>
<MISSING>:<MISSING>
<MISSING>:<MISSING>
<MISSING>:<MISSING>
<MISSING>:<MISSING>
<MISSING>:<MISSING>:<MISSING>:<MISSING>
4f70746f4944:4f70746f4944
<MISSING>:<MISSING>
<MISSING>:<MISSING>
<MISSING>:<MISSING>
<MISSING>:<MISSING>
<MISSING>:<MISSING>
<MISSING>:<MISSING>
<MISSING>:<MISSING>:<MISSING>
<MISSING>:<MISSING>
<MISSING>:<MISSING>
<MISSING>:<MISSING>
<MISSING>:<MISSING>
<MISSING>:<MISSING>
<MISSING>:<MISSING>:<MISSING>
<MISSING>:<MISSING>
<MISSING>:<MISSING>
486f6e6f72207836:3132333435313233:<MISSING>:486f6e6f72207836:3132333435313233:46616d696c69616e6f:<MISSING>
<MISSING>:<MISSING>
486f6e6f72207836:3132333435313233:46616d696c69616e6f:<MISSING>
<MISSING>:<MISSING>
<MISSING>:<MISSING>
<MISSING>:<MISSING>:<MISSING>:<MISSING>
<MISSING>:<MISSING>
<MISSING>:<MISSING>
<MISSING>:<MISSING>
<MISSING>:<MISSING>
<MISSING>:<MISSING>
<MISSING>:<MISSING>
<MISSING>:<MISSING>
<MISSING>:<MISSING>
<MISSING>:<MISSING>
<MISSING>:31303130:33353376656761:<MISSING>:<MISSING>:<MISSING>
<MISSING>:<MISSING>
<MISSING>:<MISSING>
43484f5441:4f5441:41484d4f5441
<MISSING>:<MISSING>
4d494d4f5348:4d494d4f5348
6f72696f6e:6f72696f6e:6f72696f6e:6f72696f6e:<MISSING>:<MISSING>
<MISSING>:<MISSING>
<MISSING>:<MISSING>
<MISSING>:<MISSING>
<MISSING>:<MISSING>:<MISSING>
3a51554154524f204c4547414c3a:3a51554154524f204c4547414c3a
<MISSING>:<MISSING>:<MISSING>
<MISSING>:<MISSING>:<MISSING>
<MISSING>:<MISSING>
504e425f5649534954414e544553:5055424c495449434b45545332:5055424c495449434b45545332:5055424c495449434b45545332:5055424c495449434b45545332:5055424c495449434b4554532031:5055424c495449434b4554532031:5055424c495449434b4554532031:5055424c495449434b4554532031
<MISSING>:<MISSING>
504e425f5649534954414e544553:504e425f5649534954414e544553:504e425f5649534954414e544553:5055424c495449434b45545332:5055424c495449434b45545332:5055424c495449434b4554532031
416363657373204661696c6564:416363657373204661696c6564:416363657373204661696c6564
416363657373204661696c6564:416363657373204661696c6564:416363657373204661696c6564
4d56532053545544454e54:4d56532053545544454e54
<MISSING>:<MISSING>
<MISSING>:<MISSING>
<MISSING>:<MISSING>:<MISSING>:<MISSING>
<MISSING>:<MISSING>
56415341:56415341
<MISSING>:<MISSING>
4f5441:41484d4f5441:43484f5441:<MISSING>:4f5441:41484d4f5441:43484f5441:<MISSING>
<MISSING>:<MISSING>
<MISSING>:<MISSING>
4f5441:41484d4f5441:43484f5441:<MISSING>:43484f5441:<MISSING>:4f5441:41484d4f5441:43484f5441
<MISSING>:<MISSING>
<MISSING>:<MISSING>
<MISSING>:<MISSING>
<MISSING>:4575726f6d6f62696c696120456c20526f626c65:<MISSING>:4575726f6d6f62696c696120456c20526f626c65:<MISSING>:4575726f6d6f62696c696120456c20526f626c65:<MISSING>:4575726f6d6f62696c696120456c20526f626c65:<MISSING>:4575726f6d6f62696c696120456c20526f626c65
4575726f6d6f62696c696120456c20526f626c65:<MISSING>
<MISSING>:<MISSING>
<MISSING>:<MISSING>
<MISSING>:<MISSING>
<MISSING>:<MISSING>:<MISSING>:<MISSING>
<MISSING>:<MISSING>
00000000000000000000000000000000000000000000000000:00000000000000000000000000000000000000000000000000:00000000000000000000000000000000000000000000000000:<MISSING>:<MISSING>:00000000000000000000000000000000000000000000000000:00000000000000000000000000000000000000000000000000:<MISSING>:<MISSING>:00000000000000000000000000000000000000000000000000:00000000000000000000000000000000000000000000000000:<MISSING>:<MISSING>:<MISSING>
4163756e612d4d61746174612d4775657374:4163756e612d4d61746174612d4775657374
<MISSING>:<MISSING>
4c49422d31383535353231:<MISSING>
4c49422d31383535353231:<MISSING>:<MISSING>:<MISSING>
4163756e612d4d61746174612d4775657374:4163756e612d4d61746174612d4775657374:4163756e612d4d61746174612d4775657374
<MISSING>:<MISSING>
4163756e612d4d61746174612d4775657374:4163756e612d4d61746174612d4775657374:4163756e612d4d61746174612d4775657374:4163756e612d4d61746174612d4775657374
<MISSING>:416c6c65723634
<MISSING>:4465204a6573c3ba732046616d696c79:59616e6b656573:<MISSING>
4c49422d31303030373535:<MISSING>
4c61757261204a6f737565:4c61757261204a6f737565:<MISSING>:<MISSING>
<MISSING>:<MISSING>
<MISSING>:<MISSING>:<MISSING>
<MISSING>:<MISSING>
5245444c4157:5245444c4157:5245444c4157:<MISSING>:<MISSING>:<MISSING>:<MISSING>
4c61757261204a6f737565:<MISSING>:<MISSING>:4c61757261204a6f737565:4c61757261204a6f737565:<MISSING>:4c61757261204a6f737565:4c61757261204a6f737565:<MISSING>:<MISSING>
<MISSING>:<MISSING>:4c61757261204a6f737565
4c61757261204a6f737565:4c61757261204a6f737565:4c61757261204a6f737565:4c61757261204a6f737565:4c61757261204a6f737565:4c61757261204a6f737565:4c61757261204a6f737565:4c61757261204a6f737565:4c61757261204a6f737565:4c61757261204a6f737565:4c61757261204a6f737565:4c61757261204a6f737565:4c61757261204a6f737565:4c61757261204a6f737565:4c61757261204a6f737565:4c61757261204a6f737565:4c61757261204a6f737565:4c61757261204a6f737565:4c61757261204a6f737565
<MISSING>:<MISSING>
4c61757261204a6f737565:4c61757261204a6f737565:4c61757261204a6f737565:4c61757261204a6f737565:4c61757261204a6f737565:4c61757261204a6f737565:4c61757261204a6f737565
4c61757261204a6f737565:4c61757261204a6f737565:4c61757261204a6f737565:4c61757261204a6f737565:4c61757261204a6f737565:4c61757261204a6f737565:4c61757261204a6f737565:4c61757261204a6f737565:4c61757261204a6f737565:4c61757261204a6f737565:4c61757261204a6f737565:4c61757261204a6f737565:4c61757261204a6f737565:4c61757261204a6f737565:4c61757261204a6f737565:4c61757261204a6f737565:4c61757261204a6f737565
4c61757261204a6f737565:4c61757261204a6f737565:4c61757261204a6f737565:4c61757261204a6f737565:4c61757261204a6f737565:<MISSING>:<MISSING>:<MISSING>:4c61757261204a6f737565:4c61757261204a6f737565:4c61757261204a6f737565:4c61757261204a6f737565:4c61757261204a6f737565:<MISSING>
4c61757261204a6f737565:4c61757261204a6f737565:4c61757261204a6f737565:4c61757261204a6f737565:4c61757261204a6f737565:4c61757261204a6f737565
465243:465243:465243:465243
4c61757261204a6f737565:4c61757261204a6f737565:4c61757261204a6f737565:4c61757261204a6f737565:4c61757261204a6f737565:4c61757261204a6f737565:4c61757261204a6f737565:4c61757261204a6f737565:4c61757261204a6f737565:4c61757261204a6f737565:4c61757261204a6f737565
4e6f6f646c6573:4e6f6f646c6573
4c61757261204a6f737565:4c61757261204a6f737565:4c61757261204a6f737565:4c61757261204a6f737565
4c61757261204a6f737565:4c61757261204a6f737565:4c61757261204a6f737565:4c61757261204a6f737565:4c61757261204a6f737565:4c61757261204a6f737565:4c61757261204a6f737565:4c61757261204a6f737565:4c61757261204a6f737565:4c61757261204a6f737565:4c61757261204a6f737565
4c61757261204a6f737565:4c61757261204a6f737565:4c61757261204a6f737565:4c61757261204a6f737565:4c61757261204a6f737565
4c61757261204a6f737565:4c61757261204a6f737565:4c61757261204a6f737565:4c61757261204a6f737565:4c61757261204a6f737565:4c61757261204a6f737565:4c61757261204a6f737565:4c61757261204a6f737565:4c61757261204a6f737565:4c61757261204a6f737565:4c61757261204a6f737565:4c61757261204a6f737565:4c61757261204a6f737565:4c61757261204a6f737565:4c61757261204a6f737565:4c61757261204a6f737565:4c61757261204a6f737565:4c61757261204a6f737565:4c61757261204a6f737565
4c61757261204a6f737565:4c61757261204a6f737565:4c61757261204a6f737565:4c61757261204a6f737565:4c61757261204a6f737565:4c61757261204a6f737565:4c61757261204a6f737565:<MISSING>:<MISSING>:<MISSING>:<MISSING>:<MISSING>:4c61757261204a6f737565:<MISSING>:<MISSING>
4c61757261204a6f737565:4c61757261204a6f737565:4c61757261204a6f737565:4c61757261204a6f737565:4c61757261204a6f737565:4c61757261204a6f737565:4c61757261204a6f737565:4c61757261204a6f737565:4c61757261204a6f737565
4c61757261204a6f737565:4c61757261204a6f737565:4c61757261204a6f737565:4c61757261204a6f737565:4c61757261204a6f737565:4c61757261204a6f737565:4c61757261204a6f737565:4c61757261204a6f737565:4c61757261204a6f737565:4c61757261204a6f737565:4c61757261204a6f737565:4c61757261204a6f737565:4c61757261204a6f737565:4c61757261204a6f737565:4c61757261204a6f737565:4c61757261204a6f737565:4c61757261204a6f737565:4c61757261204a6f737565:4c61757261204a6f737565:4c61757261204a6f737565:4c61757261204a6f737565:4c61757261204a6f737565
4c61757261204a6f737565:4c61757261204a6f737565:4c61757261204a6f737565:4c61757261204a6f737565
4c61757261204a6f737565:4c61757261204a6f737565:4c61757261204a6f737565:4c61757261204a6f737565:4c61757261204a6f737565
4c61757261204a6f737565:4c61757261204a6f737565:4c61757261204a6f737565:4c61757261204a6f737565:<MISSING>:<MISSING>:<MISSING>:<MISSING>:<MISSING>:4c61757261204a6f737565:4c61757261204a6f737565:4c61757261204a6f737565:4c61757261204a6f737565:<MISSING>:<MISSING>:<MISSING>:<MISSING>:<MISSING>
4c61757261204a6f737565:4c61757261204a6f737565:<MISSING>:4c61757261204a6f737565:<MISSING>:<MISSING>:<MISSING>:4c61757261204a6f737565:4c61757261204a6f737565:4c61757261204a6f737565:4c61757261204a6f737565:<MISSING>:<MISSING>
4c61757261204a6f737565:4c61757261204a6f737565:4c61757261204a6f737565:4c61757261204a6f737565:4c61757261204a6f737565:4c61757261204a6f737565
465243:465243
4c61757261204a6f737565:<MISSING>:<MISSING>:<MISSING>:4c61757261204a6f737565:4c61757261204a6f737565:4c61757261204a6f737565:4c61757261204a6f737565:<MISSING>:<MISSING>:<MISSING>:<MISSING>:<MISSING>:4c61757261204a6f737565:4c61757261204a6f737565:<MISSING>:<MISSING>:<MISSING>:<MISSING>:4c61757261204a6f737565:4c61757261204a6f737565:4c61757261204a6f737565:4c61757261204a6f737565:4c61757261204a6f737565:<MISSING>:<MISSING>:<MISSING>
4c61757261204a6f737565:4c61757261204a6f737565:4c61757261204a6f737565:4c61757261204a6f737565:4c61757261204a6f737565:4c61757261204a6f737565:4c61757261204a6f737565
4c61757261204a6f737565:4c61757261204a6f737565:4c61757261204a6f737565:4c61757261204a6f737565:4c61757261204a6f737565:<MISSING>:<MISSING>:<MISSING>:<MISSING>:4c61757261204a6f737565:4c61757261204a6f737565:4c61757261204a6f737565:4c61757261204a6f737565:4c61757261204a6f737565:<MISSING>:<MISSING>:<MISSING>:<MISSING>:<MISSING>
4c61757261204a6f737565:4c61757261204a6f737565:4c61757261204a6f737565:4c61757261204a6f737565:<MISSING>:<MISSING>
4c61757261204a6f737565:4c61757261204a6f737565:4c61757261204a6f737565:4c61757261204a6f737565:4c61757261204a6f737565:4c61757261204a6f737565:4c61757261204a6f737565:4c61757261204a6f737565:4c61757261204a6f737565:4c61757261204a6f737565:4c61757261204a6f737565:4c61757261204a6f737565:4c61757261204a6f737565:4c61757261204a6f737565:4c61757261204a6f737565:4c61757261204a6f737565:4c61757261204a6f737565:4c61757261204a6f737565:4c61757261204a6f737565:4c61757261204a6f737565:4c61757261204a6f737565:4c61757261204a6f737565:4c61757261204a6f737565:4c61757261204a6f737565:4c61757261204a6f737565:4c61757261204a6f737565:4c61757261204a6f737565
4c61757261204a6f737565:4c61757261204a6f737565:4c61757261204a6f737565:4c61757261204a6f737565:4c61757261204a6f737565
53696b6172655f4d:53696b6172655f4d:<MISSING>
465243:465243:465243:465243
4c61757261204a6f737565:4c61757261204a6f737565:4c61757261204a6f737565:4c61757261204a6f737565:<MISSING>:<MISSING>:<MISSING>:<MISSING>:<MISSING>:4c61757261204a6f737565:4c61757261204a6f737565:4c61757261204a6f737565:4c61757261204a6f737565:<MISSING>:<MISSING>:<MISSING>:<MISSING>:4c61757261204a6f737565:4c61757261204a6f737565:4c61757261204a6f737565:4c61757261204a6f737565:<MISSING>:<MISSING>:<MISSING>
4c61757261204a6f737565:4c61757261204a6f737565:4c61757261204a6f737565:4c61757261204a6f737565:4c61757261204a6f737565:<MISSING>:<MISSING>:<MISSING>:<MISSING>:4c61757261204a6f737565:4c61757261204a6f737565:4c61757261204a6f737565:<MISSING>
4c61757261204a6f737565:4c61757261204a6f737565:4c61757261204a6f737565:<MISSING>:4c61757261204a6f737565:<MISSING>:4c61757261204a6f737565:4c61757261204a6f737565:4c61757261204a6f737565:4c61757261204a6f737565:4c61757261204a6f737565:<MISSING>:<MISSING>:<MISSING>:<MISSING>:4c61757261204a6f737565:4c61757261204a6f737565:<MISSING>:<MISSING>:<MISSING>:<MISSING>
<MISSING>:<MISSING>:<MISSING>
46463439203547:46463439203547
4c61757261204a6f737565:4c61757261204a6f737565:4c61757261204a6f737565:4c61757261204a6f737565:4c61757261204a6f737565:4c61757261204a6f737565:4c61757261204a6f737565:4c61757261204a6f737565:4c61757261204a6f737565:4c61757261204a6f737565:4c61757261204a6f737565:4c61757261204a6f737565:4c61757261204a6f737565:4c61757261204a6f737565:4c61757261204a6f737565:4c61757261204a6f737565:4c61757261204a6f737565
4c61757261204a6f737565:4c61757261204a6f737565:4c61757261204a6f737565:4c61757261204a6f737565
4c61757261204a6f737565:4c61757261204a6f737565:4c61757261204a6f737565:4c61757261204a6f737565:4c61757261204a6f737565:4c61757261204a6f737565:4c61757261204a6f737565:4c61757261204a6f737565:<MISSING>:<MISSING>:<MISSING>:<MISSING>:<MISSING>:4c61757261204a6f737565:4c61757261204a6f737565:4c61757261204a6f737565:<MISSING>:<MISSING>:<MISSING>:<MISSING>:<MISSING>
4c61757261204a6f737565:4c61757261204a6f737565:4c61757261204a6f737565:4c61757261204a6f737565:4c61757261204a6f737565:4c61757261204a6f737565:4c61757261204a6f737565:4c61757261204a6f737565:4c61757261204a6f737565:4c61757261204a6f737565:4c61757261204a6f737565
4c61757261204a6f737565:4c61757261204a6f737565:4c61757261204a6f737565:4c61757261204a6f737565:4c61757261204a6f737565:4c61757261204a6f737565:4c61757261204a6f737565:4c61757261204a6f737565:4c61757261204a6f737565
465243:465243:465243
4c61757261204a6f737565:4c61757261204a6f737565:4c61757261204a6f737565:<MISSING>:<MISSING>:<MISSING>:4c61757261204a6f737565:4c61757261204a6f737565:4c61757261204a6f737565:4c61757261204a6f737565:<MISSING>:<MISSING>
4c61757261204a6f737565:4c61757261204a6f737565:<MISSING>:<MISSING>:4c61757261204a6f737565:4c61757261204a6f737565:4c61757261204a6f737565:<MISSING>:<MISSING>:<MISSING>:<MISSING>:<MISSING>:<MISSING>:<MISSING>:4c61757261204a6f737565:4c61757261204a6f737565:4c61757261204a6f737565
4c61757261204a6f737565:4c61757261204a6f737565:4c61757261204a6f737565
4c61757261204a6f737565:4c61757261204a6f737565:4c61757261204a6f737565:4c61757261204a6f737565:4c61757261204a6f737565:4c61757261204a6f737565:4c61757261204a6f737565:4c61757261204a6f737565:4c61757261204a6f737565:4c61757261204a6f737565:4c61757261204a6f737565:4c61757261204a6f737565:4c61757261204a6f737565:4c61757261204a6f737565:4c61757261204a6f737565:4c61757261204a6f737565:4c61757261204a6f737565:4c61757261204a6f737565
<MISSING>:<MISSING>
4c61757261204a6f737565:4c61757261204a6f737565:4c61757261204a6f737565:4c61757261204a6f737565:4c61757261204a6f737565:4c61757261204a6f737565:4c61757261204a6f737565:4c61757261204a6f737565
<MISSING>:<MISSING>
<MISSING>:<MISSING>
<MISSING>:<MISSING>
<MISSING>:<MISSING>
4c61757261204a6f737565:4c61757261204a6f737565
4c61757261204a6f737565:4c61757261204a6f737565:4c61757261204a6f737565:<MISSING>:<MISSING>:<MISSING>:<MISSING>:<MISSING>:4c61757261204a6f737565:4c61757261204a6f737565:4c61757261204a6f737565:4c61757261204a6f737565:<MISSING>:<MISSING>:<MISSING>:<MISSING>:<MISSING>
4c61757261204a6f737565:4c61757261204a6f737565:4c61757261204a6f737565:4c61757261204a6f737565:4c61757261204a6f737565:4c61757261204a6f737565:4c61757261204a6f737565:4c61757261204a6f737565:4c61757261204a6f737565:4c61757261204a6f737565:4c61757261204a6f737565:4c61757261204a6f737565:4c61757261204a6f737565:4c61757261204a6f737565:4c61757261204a6f737565:4c61757261204a6f737565:4c61757261204a6f737565:4c61757261204a6f737565:4c61757261204a6f737565:4c61757261204a6f737565:4c61757261204a6f737565:4c61757261204a6f737565:4c61757261204a6f737565
4c61757261204a6f737565:4c61757261204a6f737565:4c61757261204a6f737565:4c61757261204a6f737565:4c61757261204a6f737565:<MISSING>:<MISSING>:<MISSING>
4c61757261204a6f737565:4c61757261204a6f737565:4c61757261204a6f737565:4c61757261204a6f737565:4c61757261204a6f737565:<MISSING>:<MISSING>:<MISSING>:<MISSING>:4c61757261204a6f737565:4c61757261204a6f737565:4c61757261204a6f737565:4c61757261204a6f737565:4c61757261204a6f737565:<MISSING>:<MISSING>:<MISSING>:<MISSING>:<MISSING>
4c61757261204a6f737565:4c61757261204a6f737565
4c61757261204a6f737565:4c61757261204a6f737565:4c61757261204a6f737565:4c61757261204a6f737565:4c61757261204a6f737565
4c61757261204a6f737565:4c61757261204a6f737565:4c61757261204a6f737565:4c61757261204a6f737565:4c61757261204a6f737565:<MISSING>:<MISSING>:<MISSING>:<MISSING>:4c61757261204a6f737565:4c61757261204a6f737565:4c61757261204a6f737565:4c61757261204a6f737565:4c61757261204a6f737565:<MISSING>:<MISSING>:<MISSING>:<MISSING>
<MISSING>:<MISSING>
46463439203547:46463439203547
4c61757261204a6f737565:4c61757261204a6f737565:4c61757261204a6f737565:4c61757261204a6f737565:4c61757261204a6f737565:4c61757261204a6f737565:4c61757261204a6f737565:4c61757261204a6f737565:4c61757261204a6f737565:4c61757261204a6f737565:4c61757261204a6f737565:4c61757261204a6f737565:4c61757261204a6f737565:4c61757261204a6f737565:4c61757261204a6f737565:4c61757261204a6f737565:4c61757261204a6f737565:4c61757261204a6f737565:4c61757261204a6f737565:4c61757261204a6f737565:4c61757261204a6f737565:4c61757261204a6f737565:4c61757261204a6f737565:4c61757261204a6f737565:4c61757261204a6f737565:4c61757261204a6f737565:4c61757261204a6f737565
4c61757261204a6f737565:4c61757261204a6f737565
4e657878745f4130444544432d3547:4e657878745f4130444544432d3547
4c61757261204a6f737565:4c61757261204a6f737565:4c61757261204a6f737565:4c61757261204a6f737565:<MISSING>:<MISSING>:<MISSING>:<MISSING>:4c61757261204a6f737565:4c61757261204a6f737565:4c61757261204a6f737565:4c61757261204a6f737565:4c61757261204a6f737565:<MISSING>:<MISSING>:<MISSING>:<MISSING>:4c61757261204a6f737565:4c61757261204a6f737565:4c61757261204a6f737565:4c61757261204a6f737565:4c61757261204a6f737565:<MISSING>:<MISSING>:4c61757261204a6f737565
4c61757261204a6f737565:4c61757261204a6f737565:4c61757261204a6f737565:4c61757261204a6f737565:<MISSING>:<MISSING>:<MISSING>:<MISSING>:<MISSING>
4c61757261204a6f737565:4c61757261204a6f737565:4c61757261204a6f737565:<MISSING>:<MISSING>:4c61757261204a6f737565:4c61757261204a6f737565:4c61757261204a6f737565:<MISSING>:<MISSING>:<MISSING>:<MISSING>
4c61757261204a6f737565:4c61757261204a6f737565:4c61757261204a6f737565:4c61757261204a6f737565:4c61757261204a6f737565:<MISSING>:<MISSING>:<MISSING>:<MISSING>:4c61757261204a6f737565:4c61757261204a6f737565:4c61757261204a6f737565:4c61757261204a6f737565:4c61757261204a6f737565:<MISSING>:<MISSING>:4c61757261204a6f737565:4c61757261204a6f737565:<MISSING>:<MISSING>:<MISSING>:<MISSING>:<MISSING>:4c61757261204a6f737565:4c61757261204a6f737565:4c61757261204a6f737565:4c61757261204a6f737565:<MISSING>:<MISSING>:<MISSING>:<MISSING>:<MISSING>
4c61757261204a6f737565:4c61757261204a6f737565:4c61757261204a6f737565:4c61757261204a6f737565:4c61757261204a6f737565:4c61757261204a6f737565
4c61757261204a6f737565:4c61757261204a6f737565:4c61757261204a6f737565:4c61757261204a6f737565:4c61757261204a6f737565:4c61757261204a6f737565:4c61757261204a6f737565:4c61757261204a6f737565:4c61757261204a6f737565
<MISSING>:4c61757261204a6f737565
<MISSING>:4c61757261204a6f737565:<MISSING>
43414e49435f3547487a:43414e49435f3547487a
43414e49435f3547487a:43414e49435f3547487a
43414e49435f3547487a:43414e49435f3547487a
4c61757261204a6f737565:4c61757261204a6f737565:4c61757261204a6f737565:4c61757261204a6f737565:4c61757261204a6f737565:<MISSING>:<MISSING>:<MISSING>:<MISSING>:<MISSING>
465243:465243
4c61757261204a6f737565:4c61757261204a6f737565:4c61757261204a6f737565:4c61757261204a6f737565:<MISSING>:<MISSING>
4c61757261204a6f737565:4c61757261204a6f737565:4c61757261204a6f737565:4c61757261204a6f737565:4c61757261204a6f737565:4c61757261204a6f737565:4c61757261204a6f737565:4c61757261204a6f737565:4c61757261204a6f737565:4c61757261204a6f737565
4c61757261204a6f737565:4c61757261204a6f737565:4c61757261204a6f737565:4c61757261204a6f737565:4c61757261204a6f737565:4c61757261204a6f737565:4c61757261204a6f737565:4c61757261204a6f737565:4c61757261204a6f737565:4c61757261204a6f737565:4c61757261204a6f737565:4c61757261204a6f737565:4c61757261204a6f737565:4c61757261204a6f737565
465243:465243
4c61757261204a6f737565:4c61757261204a6f737565:4c61757261204a6f737565:4c61757261204a6f737565:4c61757261204a6f737565:<MISSING>:<MISSING>:4c61757261204a6f737565:4c61757261204a6f737565:4c61757261204a6f737565:4c61757261204a6f737565
4c61757261204a6f737565:4c61757261204a6f737565:4c61757261204a6f737565:<MISSING>:<MISSING>:<MISSING>:<MISSING>:<MISSING>:4c61757261204a6f737565:4c61757261204a6f737565:4c61757261204a6f737565:4c61757261204a6f737565:4c61757261204a6f737565:<MISSING>:<MISSING>:<MISSING>:<MISSING>:<MISSING>:4c61757261204a6f737565:4c61757261204a6f737565:<MISSING>:<MISSING>:<MISSING>
<MISSING>:<MISSING>
4c61757261204a6f737565:4c61757261204a6f737565:4c61757261204a6f737565:<MISSING>:<MISSING>:<MISSING>:4c61757261204a6f737565:4c61757261204a6f737565:4c61757261204a6f737565:<MISSING>:<MISSING>:4c61757261204a6f737565:4c61757261204a6f737565:4c61757261204a6f737565:4c61757261204a6f737565:4c61757261204a6f737565:<MISSING>:<MISSING>:<MISSING>:<MISSING>:4c61757261204a6f737565:4c61757261204a6f737565:4c61757261204a6f737565:4c61757261204a6f737565:4c61757261204a6f737565:<MISSING>:<MISSING>:<MISSING>:<MISSING>
4c61757261204a6f737565:4c61757261204a6f737565:4c61757261204a6f737565:4c61757261204a6f737565:4c61757261204a6f737565:4c61757261204a6f737565:4c61757261204a6f737565:4c61757261204a6f737565:4c61757261204a6f737565:4c61757261204a6f737565:4c61757261204a6f737565:4c61757261204a6f737565:4c61757261204a6f737565:4c61757261204a6f737565:4c61757261204a6f737565:4c61757261204a6f737565:4c61757261204a6f737565:4c61757261204a6f737565:4c61757261204a6f737565:4c61757261204a6f737565:4c61757261204a6f737565:4c61757261204a6f737565
4c61757261204a6f737565:4c61757261204a6f737565:4c61757261204a6f737565:4c61757261204a6f737565:4c61757261204a6f737565:4c61757261204a6f737565:4c61757261204a6f737565:4c61757261204a6f737565:4c61757261204a6f737565:4c61757261204a6f737565
465243:465243
4c61757261204a6f737565:4c61757261204a6f737565:4c61757261204a6f737565:4c61757261204a6f737565:4c61757261204a6f737565:4c61757261204a6f737565:4c61757261204a6f737565:4c61757261204a6f737565:4c61757261204a6f737565:4c61757261204a6f737565:4c61757261204a6f737565:4c61757261204a6f737565:4c61757261204a6f737565:4c61757261204a6f737565:4c61757261204a6f737565:4c61757261204a6f737565:4c61757261204a6f737565:4c61757261204a6f737565:4c61757261204a6f737565:4c61757261204a6f737565:4c61757261204a6f737565:4c61757261204a6f737565:4c61757261204a6f737565:4c61757261204a6f737565:4c61757261204a6f737565:4c61757261204a6f737565:4c61757261204a6f737565:4c61757261204a6f737565:4c61757261204a6f737565:4c61757261204a6f737565:4c61757261204a6f737565:4c61757261204a6f737565:4c61757261204a6f737565:4c61757261204a6f737565:4c61757261204a6f737565:4c61757261204a6f737565:4c61757261204a6f737565
4c61757261204a6f737565:4c61757261204a6f737565:4c61757261204a6f737565:4c61757261204a6f737565:4c61757261204a6f737565:4c61757261204a6f737565:4c61757261204a6f737565:4c61757261204a6f737565:4c61757261204a6f737565:4c61757261204a6f737565:4c61757261204a6f737565:4c61757261204a6f737565:4c61757261204a6f737565
4c61757261204a6f737565:4c61757261204a6f737565:4c61757261204a6f737565:4c61757261204a6f737565:4c61757261204a6f737565:4c61757261204a6f737565:4c61757261204a6f737565:4c61757261204a6f737565:4c61757261204a6f737565:4c61757261204a6f737565
<MISSING>:<MISSING>
4c61757261204a6f737565:4c61757261204a6f737565:4c61757261204a6f737565:4c61757261204a6f737565:4c61757261204a6f737565:4c61757261204a6f737565
4c61757261204a6f737565:4c61757261204a6f737565:4c61757261204a6f737565:4c61757261204a6f737565
4c61757261204a6f737565:4c61757261204a6f737565:4c61757261204a6f737565:4c61757261204a6f737565:4c61757261204a6f737565:4c61757261204a6f737565:4c61757261204a6f737565:4c61757261204a6f737565:4c61757261204a6f737565:4c61757261204a6f737565
4c61757261204a6f737565:4c61757261204a6f737565:4c61757261204a6f737565
4c61757261204a6f737565:4c61757261204a6f737565:4c61757261204a6f737565:4c61757261204a6f737565:<MISSING>:<MISSING>:<MISSING>:4c61757261204a6f737565:4c61757261204a6f737565:4c61757261204a6f737565:<MISSING>:<MISSING>:4c61757261204a6f737565
4c61757261204a6f737565:4c61757261204a6f737565:4c61757261204a6f737565:<MISSING>:<MISSING>:<MISSING>:<MISSING>:<MISSING>:4c61757261204a6f737565:4c61757261204a6f737565:4c61757261204a6f737565:<MISSING>:<MISSING>
4c61757261204a6f737565:4c61757261204a6f737565:4c61757261204a6f737565:4c61757261204a6f737565:<MISSING>:<MISSING>:<MISSING>:<MISSING>:<MISSING>:4c61757261204a6f737565:4c61757261204a6f737565:4c61757261204a6f737565:4c61757261204a6f737565:4c61757261204a6f737565:<MISSING>:<MISSING>:<MISSING>:<MISSING>
4c61757261204a6f737565:4c61757261204a6f737565:4c61757261204a6f737565:4c61757261204a6f737565:4c61757261204a6f737565:<MISSING>:<MISSING>:<MISSING>:<MISSING>:<MISSING>
<MISSING>:<MISSING>:<MISSING>:<MISSING>:<MISSING>:<MISSING>
4c61757261204a6f737565:4c61757261204a6f737565:4c61757261204a6f737565:4c61757261204a6f737565:<MISSING>:<MISSING>:<MISSING>:<MISSING>:4c61757261204a6f737565:4c61757261204a6f737565:4c61757261204a6f737565:<MISSING>:<MISSING>:<MISSING>:<MISSING>:<MISSING>
4c61757261204a6f737565:4c61757261204a6f737565:4c61757261204a6f737565:4c61757261204a6f737565:4c61757261204a6f737565:<MISSING>:<MISSING>:<MISSING>:<MISSING>:<MISSING>
4c61757261204a6f737565:4c61757261204a6f737565:4c61757261204a6f737565:4c61757261204a6f737565:4c61757261204a6f737565:4c61757261204a6f737565:4c61757261204a6f737565:4c61757261204a6f737565:4c61757261204a6f737565:4c61757261204a6f737565:4c61757261204a6f737565:4c61757261204a6f737565:4c61757261204a6f737565:4c61757261204a6f737565:4c61757261204a6f737565:4c61757261204a6f737565:4c61757261204a6f737565:4c61757261204a6f737565:4c61757261204a6f737565:4c61757261204a6f737565:4c61757261204a6f737565:4c61757261204a6f737565:4c61757261204a6f737565
4c61757261204a6f737565:4c61757261204a6f737565:4c61757261204a6f737565:4c61757261204a6f737565:4c61757261204a6f737565:4c61757261204a6f737565:4c61757261204a6f737565:4c61757261204a6f737565:4c61757261204a6f737565:4c61757261204a6f737565:4c61757261204a6f737565:4c61757261204a6f737565:4c61757261204a6f737565:4c61757261204a6f737565:4c61757261204a6f737565:4c61757261204a6f737565:4c61757261204a6f737565:4c61757261204a6f737565:4c61757261204a6f737565:4c61757261204a6f737565:4c61757261204a6f737565:4c61757261204a6f737565:4c61757261204a6f737565:4c61757261204a6f737565:4c61757261204a6f737565:4c61757261204a6f737565:4c61757261204a6f737565
4e6f6f646c6573:4e6f6f646c6573
4c61757261204a6f737565:4c61757261204a6f737565:4c61757261204a6f737565:<MISSING>:<MISSING>:<MISSING>:<MISSING>:4c61757261204a6f737565:<MISSING>:<MISSING>:<MISSING>:<MISSING>:<MISSING>
4c61757261204a6f737565:4c61757261204a6f737565:4c61757261204a6f737565:4c61757261204a6f737565
<MISSING>:<MISSING>:<MISSING>
<MISSING>:<MISSING>:<MISSING>:4c61757261204a6f737565:<MISSING>:<MISSING>:<MISSING>:4c61757261204a6f737565:4c61757261204a6f737565:4c61757261204a6f737565:<MISSING>:<MISSING>:<MISSING>:<MISSING>
4c61757261204a6f7375655f35475f455854:4c61757261204a6f7375655f35475f455854:4c61757261204a6f7375655f35475f455854
4c61757261204a6f737565:4c61757261204a6f737565:4c61757261204a6f737565:4c61757261204a6f737565:4c61757261204a6f737565:4c61757261204a6f737565:4c61757261204a6f737565:4c61757261204a6f737565:4c61757261204a6f737565:4c61757261204a6f737565:4c61757261204a6f737565:4c61757261204a6f737565:4c61757261204a6f737565:4c61757261204a6f737565:4c61757261204a6f737565:4c61757261204a6f737565
4c61757261204a6f737565:4c61757261204a6f737565
4332:4332:4332:4332:4332
4c61757261204a6f737565:4c61757261204a6f737565:4c61757261204a6f737565:4c61757261204a6f737565:4c61757261204a6f737565:4c61757261204a6f737565:4c61757261204a6f737565:4c61757261204a6f737565:4c61757261204a6f737565:4c61757261204a6f737565:4c61757261204a6f737565:4c61757261204a6f737565:4c61757261204a6f737565:4c61757261204a6f737565:4c61757261204a6f737565:4c61757261204a6f737565:4c61757261204a6f737565:4c61757261204a6f737565:4c61757261204a6f737565:4c61757261204a6f737565:4c61757261204a6f737565:4c61757261204a6f737565
4c61757261204a6f737565:4c61757261204a6f737565:4c61757261204a6f737565:4c61757261204a6f737565:<MISSING>:<MISSING>:<MISSING>:<MISSING>:4c61757261204a6f737565:4c61757261204a6f737565:4c61757261204a6f737565:4c61757261204a6f737565:<MISSING>:<MISSING>:<MISSING>:<MISSING>:4c61757261204a6f737565:4c61757261204a6f737565:4c61757261204a6f737565:<MISSING>:<MISSING>:<MISSING>:4c61757261204a6f737565:4c61757261204a6f737565:4c61757261204a6f737565:4c61757261204a6f737565:4c61757261204a6f737565:<MISSING>:<MISSING>:<MISSING>
4c61757261204a6f737565:4c61757261204a6f737565:4c61757261204a6f737565:4c61757261204a6f737565:4c61757261204a6f737565:4c61757261204a6f737565:4c61757261204a6f737565:4c61757261204a6f737565:4c61757261204a6f737565:4c61757261204a6f737565:4c61757261204a6f737565:4c61757261204a6f737565:4c61757261204a6f737565:4c61757261204a6f737565:4c61757261204a6f737565:4c61757261204a6f737565
4c61757261204a6f737565:4c61757261204a6f737565:4c61757261204a6f737565:<MISSING>:<MISSING>:<MISSING>:<MISSING>:<MISSING>:4c61757261204a6f737565:4c61757261204a6f737565:4c61757261204a6f737565:4c61757261204a6f737565:4c61757261204a6f737565:<MISSING>:<MISSING>:<MISSING>:<MISSING>:<MISSING>
4c61757261204a6f737565:4c61757261204a6f737565:4c61757261204a6f737565:4c61757261204a6f737565:4c61757261204a6f737565:4c61757261204a6f737565:4c61757261204a6f737565:4c61757261204a6f737565:4c61757261204a6f737565:4c61757261204a6f737565
4c61757261204a6f737565:4c61757261204a6f737565:4c61757261204a6f737565:<MISSING>:<MISSING>:<MISSING>
<MISSING>:<MISSING>:<MISSING>
4c61757261204a6f737565:4c61757261204a6f737565:<MISSING>:<MISSING>:<MISSING>:<MISSING>:4c61757261204a6f737565:<MISSING>:<MISSING>:<MISSING>
4c61757261204a6f737565:4c61757261204a6f737565:4c61757261204a6f737565:<MISSING>:<MISSING>:<MISSING>:<MISSING>:<MISSING>:4c61757261204a6f737565:4c61757261204a6f737565:4c61757261204a6f737565:4c61757261204a6f737565:4c61757261204a6f737565:<MISSING>:<MISSING>:<MISSING>:<MISSING>:<MISSING>:4c61757261204a6f737565:4c61757261204a6f737565:4c61757261204a6f737565:4c61757261204a6f737565:4c61757261204a6f737565:<MISSING>:<MISSING>:<MISSING>:<MISSING>:4c61757261204a6f737565
4c61757261204a6f737565:4c61757261204a6f737565:4c61757261204a6f737565:4c61757261204a6f737565:4c61757261204a6f737565:4c61757261204a6f737565:4c61757261204a6f737565:4c61757261204a6f737565:4c61757261204a6f737565:4c61757261204a6f737565:4c61757261204a6f737565:4c61757261204a6f737565:4c61757261204a6f737565:4c61757261204a6f737565:4c61757261204a6f737565:4c61757261204a6f737565:4c61757261204a6f737565:4c61757261204a6f737565:4c61757261204a6f737565:4c61757261204a6f737565:4c61757261204a6f737565:4c61757261204a6f737565:4c61757261204a6f737565:4c61757261204a6f737565
4c61757261204a6f737565:4c61757261204a6f737565:4c61757261204a6f737565:4c61757261204a6f737565:4c61757261204a6f737565:4c61757261204a6f737565:4c61757261204a6f737565:4c61757261204a6f737565:4c61757261204a6f737565:4c61757261204a6f737565:4c61757261204a6f737565:4c61757261204a6f737565:4c61757261204a6f737565:4c61757261204a6f737565:4c61757261204a6f737565:4c61757261204a6f737565:4c61757261204a6f737565:4c61757261204a6f737565
46463439203547:46463439203547
4c61757261204a6f737565:4c61757261204a6f737565:4c61757261204a6f737565:4c61757261204a6f737565:4c61757261204a6f737565:4c61757261204a6f737565:4c61757261204a6f737565:4c61757261204a6f737565:4c61757261204a6f737565:4c61757261204a6f737565
5368656c646f6e20:5368656c646f6e20
4c61757261204a6f737565:4c61757261204a6f737565:4c61757261204a6f737565:4c61757261204a6f737565:4c61757261204a6f737565:<MISSING>:<MISSING>:<MISSING>:<MISSING>:<MISSING>:4c61757261204a6f737565:4c61757261204a6f737565:4c61757261204a6f737565:4c61757261204a6f737565:<MISSING>:<MISSING>
4c61757261204a6f737565:4c61757261204a6f737565:4c61757261204a6f737565:4c61757261204a6f737565:<MISSING>:<MISSING>:<MISSING>:<MISSING>:<MISSING>:4c61757261204a6f737565:4c61757261204a6f737565:4c61757261204a6f737565:4c61757261204a6f737565:4c61757261204a6f737565:<MISSING>:<MISSING>:<MISSING>:4c61757261204a6f737565:4c61757261204a6f737565:4c61757261204a6f737565:4c61757261204a6f737565:<MISSING>:<MISSING>:<MISSING>:<MISSING>:<MISSING>
4c61757261204a6f737565:<MISSING>:<MISSING>:<MISSING>:<MISSING>:<MISSING>
4c61757261204a6f737565:4c61757261204a6f737565:4c61757261204a6f737565:4c61757261204a6f737565:4c61757261204a6f737565:4c61757261204a6f737565:4c61757261204a6f737565:4c61757261204a6f737565:4c61757261204a6f737565:4c61757261204a6f737565:4c61757261204a6f737565:4c61757261204a6f737565:4c61757261204a6f737565:4c61757261204a6f737565:4c61757261204a6f737565:4c61757261204a6f737565:4c61757261204a6f737565:4c61757261204a6f737565:4c61757261204a6f737565:4c61757261204a6f737565:4c61757261204a6f737565:4c61757261204a6f737565:4c61757261204a6f737565:4c61757261204a6f737565:4c61757261204a6f737565:4c61757261204a6f737565:4c61757261204a6f737565:4c61757261204a6f737565
<MISSING>:<MISSING>:<MISSING>:<MISSING>:<MISSING>
465243:465243:465243
4c61757261204a6f737565:4c61757261204a6f737565:4c61757261204a6f737565:4c61757261204a6f737565:<MISSING>:<MISSING>:<MISSING>:<MISSING>:<MISSING>:4c61757261204a6f737565:4c61757261204a6f737565:4c61757261204a6f737565:4c61757261204a6f737565:<MISSING>:<MISSING>:<MISSING>:<MISSING>:<MISSING>:4c61757261204a6f737565:4c61757261204a6f737565:4c61757261204a6f737565:4c61757261204a6f737565:<MISSING>:<MISSING>:<MISSING>
4c61757261204a6f737565:4c61757261204a6f737565:<MISSING>:<MISSING>:<MISSING>:<MISSING>:<MISSING>:<MISSING>
4c61757261204a6f737565:4c61757261204a6f737565:4c61757261204a6f737565:4c61757261204a6f737565:4c61757261204a6f737565:4c61757261204a6f737565:4c61757261204a6f737565:4c61757261204a6f737565:4c61757261204a6f737565
4c61757261204a6f737565:4c61757261204a6f737565:4c61757261204a6f737565:4c61757261204a6f737565:4c61757261204a6f737565:<MISSING>:<MISSING>:<MISSING>:<MISSING>:<MISSING>
4c61757261204a6f737565:4c61757261204a6f737565:4c61757261204a6f737565:4c61757261204a6f737565:4c61757261204a6f737565:4c61757261204a6f737565:4c61757261204a6f737565:4c61757261204a6f737565:4c61757261204a6f737565:4c61757261204a6f737565:4c61757261204a6f737565:4c61757261204a6f737565:4c61757261204a6f737565:4c61757261204a6f737565:4c61757261204a6f737565:4c61757261204a6f737565:4c61757261204a6f737565:4c61757261204a6f737565:4c61757261204a6f737565:4c61757261204a6f737565:4c61757261204a6f737565:4c61757261204a6f737565
4c61757261204a6f737565:4c61757261204a6f737565:4c61757261204a6f737565:4c61757261204a6f737565:4c61757261204a6f737565:4c61757261204a6f737565:4c61757261204a6f737565:4c61757261204a6f737565:4c61757261204a6f737565:4c61757261204a6f737565:4c61757261204a6f737565:4c61757261204a6f737565:4c61757261204a6f737565
<MISSING>:<MISSING>:<MISSING>:<MISSING>:<MISSING>
<MISSING>:4d56532053545544454e54:<MISSING>:<MISSING>:4d56532053545544454e54
4c61757261204a6f737565:4c61757261204a6f737565:4c61757261204a6f737565:4c61757261204a6f737565:4c61757261204a6f737565:4c61757261204a6f737565:4c61757261204a6f737565:4c61757261204a6f737565:4c61757261204a6f737565
<MISSING>:<MISSING>:<MISSING>
4c61757261204a6f737565:4c61757261204a6f737565:4c61757261204a6f737565:4c61757261204a6f737565:<MISSING>
4c61757261204a6f737565:4c61757261204a6f737565:<MISSING>:<MISSING>:<MISSING>
4c61757261204a6f737565:4c61757261204a6f737565:4c61757261204a6f737565:4c61757261204a6f737565:4c61757261204a6f737565:<MISSING>:<MISSING>:4c61757261204a6f737565:4c61757261204a6f737565:<MISSING>:<MISSING>:<MISSING>:<MISSING>:<MISSING>:4c61757261204a6f737565:4c61757261204a6f737565:4c61757261204a6f737565:<MISSING>
4c61757261204a6f737565:4c61757261204a6f737565:4c61757261204a6f737565:4c61757261204a6f737565:4c61757261204a6f737565:4c61757261204a6f737565:4c61757261204a6f737565
<MISSING>:<MISSING>
5245444c4157:5245444c4157:5245444c4157
<MISSING>:<MISSING>
<MISSING>:<MISSING>:<MISSING>:<MISSING>:<MISSING>:<MISSING>
5245444c4157:5245444c4157:5245444c4157
<MISSING>:7363686d69747a5f3547487a:2a416d65726963616e446174612d677261746973:4269626c6963615f5669736974616e746573:506c616e205472616e7175696c6f20:537461726275636b735f57694669:5a616d6f726974696361:<MISSING>
<MISSING>:<MISSING>
<MISSING>:5a616d6f726974696361:6950686f6e65205345:7363686d69747a5f3547487a:775445432d496e76697461646f73:4d61726973616b576946692d3547487a:4269626c6963615f5669736974616e746573
<MISSING>:<MISSING>
7363686d69747a5f3547487a:775445432d496e76697461646f73:4d61726973616b576946692d3547487a:234c4154414d20564950204c6f756e6765:2a416d65726963616e446174612d677261746973:4269626c6963615f5669736974616e746573:49484720436f6e6e656374:506c616e205472616e7175696c6f20:<MISSING>:5a616d6f726974696361203547:5a616d6f726974696361:6950686f6e65205345:7363686d69747a5f3547487a:775445432d496e76697461646f73:4d61726973616b576946692d3547487a:234c4154414d20564950204c6f756e6765:2a416d65726963616e446174612d677261746973:4269626c6963615f5669736974616e746573
4d61726973616b576946692d3547487a:2a416d65726963616e446174612d677261746973:4269626c6963615f5669736974616e746573:4d61726973616b576946692d3547487a:4269626c6963615f5669736974616e746573:<MISSING>:4d61726973616b576946692d3547487a:2a416d65726963616e446174612d677261746973:<MISSING>:4d61726973616b576946692d3547487a:2a416d65726963616e446174612d677261746973:4269626c6963615f5669736974616e746573:<MISSING>:4d61726973616b576946692d3547487a:4269626c6963615f5669736974616e746573:<MISSING>:4d61726973616b576946692d3547487a:2a416d65726963616e446174612d677261746973:<MISSING>:4d61726973616b576946692d3547487a:2a416d65726963616e446174612d677261746973:<MISSING>
5245444c4157:5245444c4157:5245444c4157:5245444c4157
<MISSING>:<MISSING>:<MISSING>:<MISSING>
46463439203547:46463439203547
<MISSING>:<MISSING>:<MISSING>
<MISSING>:<MISSING>:<MISSING>
5245444c4157:5245444c4157:5245444c4157:<MISSING>:<MISSING>:<MISSING>:<MISSING>
<MISSING>:<MISSING>
5245444c4157:5245444c4157:5245444c4157:5245444c4157:<MISSING>:<MISSING>
<MISSING>:<MISSING>
<MISSING>:<MISSING>
<MISSING>:<MISSING>:<MISSING>:<MISSING>
<MISSING>:<MISSING>:<MISSING>:<MISSING>
5245444c4157:5245444c4157
<MISSING>:<MISSING>
<MISSING>:<MISSING>
5245444c4157:5245444c4157:5245444c4157:5245444c4157:<MISSING>:<MISSING>:<MISSING>
<MISSING>:<MISSING>:<MISSING>
<MISSING>:<MISSING>:<MISSING>
<MISSING>:<MISSING>
5245444c4157:5245444c4157:5245444c4157
5245444c4157:5245444c4157:5245444c4157
<MISSING>:<MISSING>
<MISSING>:<MISSING>
<MISSING>:<MISSING>
<MISSING>:<MISSING>
<MISSING>:<MISSING>
5245444c4157:<MISSING>
4e6f6f646c6573:4e6f6f646c6573
<MISSING>:6c69622d32383133303932
<MISSING>:<MISSING>
436173613235:436173613235
5245444c4157:5245444c4157:5245444c4157:5245444c4157
<MISSING>:<MISSING>
5245444c4157:5245444c4157:5245444c4157:5245444c4157
465243:465243
<MISSING>:<MISSING>
5245444c4157:5245444c4157
<MISSING>:<MISSING>
<MISSING>:<MISSING>:<MISSING>
5245444c4157:5245444c4157:5245444c4157:5245444c4157
<MISSING>:<MISSING>
<MISSING>:<MISSING>
5245444c4157:5245444c4157
<MISSING>:<MISSING>
<MISSING>:<MISSING>
<MISSING>:<MISSING>
<MISSING>:<MISSING>
<MISSING>:<MISSING>
<MISSING>:<MISSING>
<MISSING>:<MISSING>
<MISSING>:<MISSING>
<MISSING>:<MISSING>
<MISSING>:<MISSING>
<MISSING>:<MISSING>
<MISSING>:<MISSING>
<MISSING>:<MISSING>
<MISSING>:<MISSING>
5245444c4157:5245444c4157:5245444c4157:5245444c4157:<MISSING>
<MISSING>:<MISSING>
<MISSING>:<MISSING>
<MISSING>:<MISSING>
<MISSING>:<MISSING>:<MISSING>
<MISSING>:<MISSING>
<MISSING>:<MISSING>
5245444c4157:5245444c4157
465243:465243
<MISSING>:<MISSING>
<MISSING>:<MISSING>
43414e49435f3547487a:43414e49435f3547487a:43414e49435f3547487a
43414e49435f3547487a:43414e49435f3547487a
43414e49435f3547487a:43414e49435f3547487a
<MISSING>:<MISSING>
<MISSING>:<MISSING>
<MISSING>:<MISSING>
<MISSING>:<MISSING>
<MISSING>:<MISSING>
<MISSING>:<MISSING>
5245444c4157:<MISSING>
<MISSING>:<MISSING>
<MISSING>:<MISSING>
<MISSING>:<MISSING>
<MISSING>:<MISSING>
<MISSING>:<MISSING>
<MISSING>:<MISSING>
<MISSING>:<MISSING>
465243:465243
<MISSING>:<MISSING>
5245444c4157:5245444c4157
5245444c4157:5245444c4157:<MISSING>
<MISSING>:<MISSING>
<MISSING>:<MISSING>
<MISSING>:<MISSING>
<MISSING>:<MISSING>
<MISSING>:<MISSING>:<MISSING>:<MISSING>
<MISSING>:<MISSING>
5245444c4157:5245444c4157:5245444c4157:5245444c4157
<MISSING>:<MISSING>
<MISSING>:<MISSING>
<MISSING>:<MISSING>
<MISSING>:<MISSING>
<MISSING>:<MISSING>
<MISSING>:<MISSING>
<MISSING>:<MISSING>
<MISSING>:<MISSING>
<MISSING>:<MISSING>
465243:465243
<MISSING>:<MISSING>
<MISSING>:<MISSING>
<MISSING>:<MISSING>
5245444c4157:5245444c4157:<MISSING>
<MISSING>:<MISSING>
5245444c4157:5245444c4157:5245444c4157:5245444c4157
<MISSING>:<MISSING>
<MISSING>:<MISSING>
<MISSING>:<MISSING>
5245444c4157:5245444c4157:5245444c4157
<MISSING>:<MISSING>
<MISSING>:<MISSING>
4e6f6f646c6573:4e6f6f646c6573
<MISSING>:<MISSING>
5245444c4157:5245444c4157:<MISSING>
5245444c4157:5245444c4157:<MISSING>
4332:4332
<MISSING>:<MISSING>
<MISSING>:<MISSING>
<MISSING>:<MISSING>
<MISSING>:6c69622d32383133303932
<MISSING>:<MISSING>:6c69622d32383133303932:6c69622d32383133303932:<MISSING>:6c69622d32383133303932:<MISSING>:6c69622d32383133303932:<MISSING>:6c69622d32383133303932:<MISSING>:6c69622d32383133303932:<MISSING>:6c69622d32383133303932:<MISSING>:6c69622d32383133303932:<MISSING>:6c69622d32383133303932
<MISSING>:<MISSING>
<MISSING>:<MISSING>
5245444c4157:5245444c4157
<MISSING>:<MISSING>
<MISSING>:<MISSING>
<MISSING>:<MISSING>:<MISSING>
5245444c4157:5245444c4157:5245444c4157
<MISSING>:<MISSING>
<MISSING>:<MISSING>
<MISSING>:<MISSING>
<MISSING>:<MISSING>
<MISSING>:<MISSING>
43414e49435f3547487a:43414e49435f3547487a:43414e49435f3547487a
43414e49435f3547487a:43414e49435f3547487a:43414e49435f3547487a
43414e49435f3547487a:43414e49435f3547487a
<MISSING>:6c69622d32383133303932:<MISSING>:<MISSING>:6c69622d32383133303932:<MISSING>:6c69622d32383133303932:<MISSING>:6c69622d32383133303932:<MISSING>:6c69622d32383133303932:<MISSING>:6c69622d32383133303932:<MISSING>
5245444c4157:<MISSING>
<MISSING>:<MISSING>
5245444c4157:5245444c4157:5245444c4157
5245444c4157:5245444c4157:5245444c4157:5245444c4157:<MISSING>
<MISSING>:<MISSING>
<MISSING>:<MISSING>
5245444c4157:5245444c4157
<MISSING>:<MISSING>
5245444c41572d455854:5245444c41572d455854
5245444c4157:5245444c4157
<MISSING>:<MISSING>
<MISSING>:<MISSING>
<MISSING>:<MISSING>
<MISSING>:<MISSING>
<MISSING>:<MISSING>:<MISSING>
<MISSING>:<MISSING>
<MISSING>:<MISSING>
<MISSING>:<MISSING>
<MISSING>:<MISSING>
<MISSING>:<MISSING>:<MISSING>
<MISSING>:<MISSING>
<MISSING>:<MISSING>:<MISSING>
5245444c41572d455854:5245444c41572d455854
5245444c41572d455854:5245444c41572d455854
<MISSING>:<MISSING>
5245444c4157:5245444c4157:<MISSING>
5245444c4157:5245444c4157:5245444c4157:5245444c4157:<MISSING>
<MISSING>:<MISSING>
465243:465243
5245444c41572d455854:5245444c41572d455854
<MISSING>:<MISSING>
<MISSING>:<MISSING>
<MISSING>:<MISSING>
<MISSING>:<MISSING>
<MISSING>:<MISSING>
<MISSING>:6c69622d32383133303932:<MISSING>:6c69622d32383133303932
<MISSING>:<MISSING>
<MISSING>:<MISSING>
5245444c4157:5245444c4157:5245444c4157:5245444c4157:<MISSING>:<MISSING>
436162653547:436162653547
<MISSING>:<MISSING>
<MISSING>:<MISSING>
5245444c4157:5245444c4157:5245444c4157:5245444c4157
<MISSING>:<MISSING>
5245444c4157:5245444c4157:5245444c4157:5245444c4157
465243:465243
<MISSING>:<MISSING>
<MISSING>:<MISSING>
45647265694d6573685f3547:45647265694d6573685f3547
5245444c4157:5245444c4157:5245444c4157
5245444c4157:<MISSING>:<MISSING>:<MISSING>:5245444c4157:5245444c4157:5245444c4157:5245444c4157:<MISSING>:<MISSING>
<MISSING>:<MISSING>:<MISSING>:<MISSING>:<MISSING>
5245444c4157:5245444c4157:<MISSING>
5245444c4157:5245444c4157:5245444c4157:<MISSING>:5245444c4157:<MISSING>:<MISSING>:<MISSING>
4368616e2d5275697a:4368616e2d5275697a
<MISSING>:<MISSING>
<MISSING>:<MISSING>
5245444c4157:5245444c4157:5245444c4157:5245444c4157:<MISSING>:<MISSING>
5245444c4157:5245444c4157:5245444c4157:<MISSING>:<MISSING>:5245444c4157:5245444c4157:<MISSING>:<MISSING>
5245444c4157:5245444c4157:5245444c4157:<MISSING>
4e6f6f646c6573:4e6f6f646c6573
5245444c4157:5245444c4157:5245444c4157:<MISSING>:5245444c4157:5245444c4157:5245444c4157:5245444c4157:<MISSING>:<MISSING>:<MISSING>
<MISSING>:<MISSING>
5245444c4157:<MISSING>
4449524543542d:4449524543542d:4449524543542d:4449524543542d:4449524543542d:4449524543542d:4449524543542d:4449524543542d:4449524543542d:4449524543542d:4449524543542d:4449524543542d726f6b752d3631372d453131464436:4449524543542d:4449524543542d:4449524543542d:4449524543542d:4449524543542d:4449524543542d:4449524543542d:4449524543542d:4449524543542d:4449524543542d
5245444c4157:5245444c4157:5245444c4157:5245444c4157
<MISSING>:<MISSING>:<MISSING>
5245444c4157:5245444c4157:5245444c4157:5245444c4157:<MISSING>:<MISSING>:<MISSING>:<MISSING>
5245444c4157:5245444c4157
<MISSING>:<MISSING>
5245444c4157:5245444c4157:5245444c4157:5245444c4157:<MISSING>
<MISSING>:<MISSING>:<MISSING>:<MISSING>:<MISSING>
<MISSING>:<MISSING>:<MISSING>
5245444c4157:5245444c4157:5245444c4157:5245444c4157
5245444c4157:5245444c4157:5245444c4157:<MISSING>:<MISSING>:<MISSING>:5245444c4157:<MISSING>:<MISSING>:<MISSING>
5245444c4157:5245444c4157:5245444c4157
<MISSING>:<MISSING>
4e6f6f646c6573:4e6f6f646c6573
<MISSING>:<MISSING>
5245444c4157:5245444c4157:<MISSING>:<MISSING>:<MISSING>
5245444c4157:5245444c4157:5245444c4157:<MISSING>
<MISSING>:<MISSING>
5245444c4157:5245444c4157:5245444c4157:5245444c4157:<MISSING>:<MISSING>:<MISSING>:<MISSING>
43616e696350425f3547:43616e696350425f3547
<MISSING>:<MISSING>:<MISSING>:<MISSING>
<MISSING>:<MISSING>:<MISSING>
<MISSING>:<MISSING>:<MISSING>
4e6f6f646c6573:4e6f6f646c6573
4e6f6f646c6573:4e6f6f646c6573
<MISSING>:<MISSING>
<MISSING>:<MISSING>
485541574549206e6f7661203130205345:<MISSING>
<MISSING>:<MISSING>
<MISSING>:<MISSING>
<MISSING>:<MISSING>:<MISSING>:<MISSING>
<MISSING>:47616c617879204135312030433139:56656e6f6d:6261696c6579
<MISSING>:<MISSING>
<MISSING>:<MISSING>:<MISSING>:<MISSING>
<MISSING>:<MISSING>
<MISSING>:<MISSING>:<MISSING>:<MISSING>
5265646d6920313243:5265646d6920313243:5265646d6920313243:5265646d6920313243:5265646d6920313243:5265646d6920313243
<MISSING>:<MISSING>
4a6f68616e6e61:4a6f68616e6e61
4368616c616e792d3547:5453492d57696669
4942432d56504f525445524f:4942432d56504f525445524f
6d6a657465:6d6a657465
<MISSING>:<MISSING>
4d4f4f5345434c49454e544553:4d4f4f5345434c49454e544553
534d:534d
466152614361:466152614361
576946695f4558545f3547:576946695f4558545f3547
56414c4d4155524f:56414c4d4155524f
56414c4d4155524f5f3547487a:56414c4d4155524f5f3547487a
<MISSING>:<MISSING>
<MISSING>:<MISSING>
<MISSING>:<MISSING>
<MISSING>:<MISSING>:<MISSING>:<MISSING>
<MISSING>:<MISSING>
<MISSING>:<MISSING>
<MISSING>:<MISSING>
<MISSING>:<MISSING>
6d6a657465:6d6a657465
64686f6d6173:64686f6d6173
<MISSING>:<MISSING>:<MISSING>
49424343522d46524545:49424343522d46524545:49424343522d46524545:<MISSING>:<MISSING>
<MISSING>:<MISSING>
<MISSING>:<MISSING>
<MISSING>:<MISSING>
<MISSING>:<MISSING>
<MISSING>:<MISSING>
<MISSING>:536162616e615f532d323635:536162616e615f532d323635
<MISSING>:<MISSING>
<MISSING>:<MISSING>
<MISSING>:<MISSING>
646f6e616c64666572:646f6e616c64666572
4c49422d33393632333736:4c49422d33393632333736
4e6f6f646c6573:4e6f6f646c6573
<MISSING>:<MISSING>:<MISSING>:<MISSING>:<MISSING>
<MISSING>:<MISSING>
5245444c4157:5245444c4157:5245444c4157:5245444c4157
5245444c4157:5245444c4157:5245444c4157:5245444c4157
<MISSING>:<MISSING>
<MISSING>:<MISSING>
6d6f64756c6574657374:6d6f64756c6574657374
6d6f64756c6574657374:6d6f64756c6574657374
<MISSING>:416c6c65723634
<MISSING>:7a6969207061726120746f646f7320:<MISSING>:7a6969207061726120746f646f7320:<MISSING>:7a6969207061726120746f646f7320
<MISSING>:<MISSING>
<MISSING>:7a6969207061726120746f646f7320
46616d2e2042616c6c617220432050415f3547:46616d2e2042616c6c617220432050415f3547
48696464656e5f736563:<MISSING>:48696464656e5f736563:<MISSING>:48696464656e5f736563
<MISSING>:416c6c65723634
<MISSING>:<MISSING>
<MISSING>:416c6c65723634
4c49422d31383535353231:4c49422d31383535353231:<MISSING>:<MISSING>
<MISSING>:<MISSING>
<MISSING>:<MISSING>:<MISSING>:<MISSING>
00000000000000000000000000000000000000000000000000:00000000000000000000000000000000000000000000000000:00000000000000000000000000000000000000000000000000:<MISSING>
<MISSING>:<MISSING>
<MISSING>:<MISSING>
<MISSING>:<MISSING>
<MISSING>:<MISSING>:<MISSING>:<MISSING>
<MISSING>:<MISSING>
4341534120434c55422031204554415041:<MISSING>:<MISSING>
4341534120434c55422031204554415041:4341534120434c55422031204554415041:4341534120434c55422031204554415041:4341534120434c55422031204554415041:4341534120434c55422031204554415041:4341534120434c55422031204554415041:4341534120434c55422031204554415041
6c6f6c6132:6c6f6c6132:6c6f6c6132
<MISSING>:<MISSING>
4c49422d39393137353231:<MISSING>:52657374617572616e746520456c2043616e61736f2d322e3447
4163756e612d4d61746174612d4775657374:4163756e612d4d61746174612d4775657374
<MISSING>:<MISSING>:<MISSING>:<MISSING>
<MISSING>:<MISSING>
<MISSING>:<MISSING>:<MISSING>
<MISSING>:<MISSING>:<MISSING>
<MISSING>:<MISSING>:<MISSING>:<MISSING>
<MISSING>:<MISSING>:<MISSING>
<MISSING>:<MISSING>:<MISSING>:<MISSING>:<MISSING>
464d2053414e204a55414e:<MISSING>:464d2053414e204a55414e
<MISSING>:<MISSING>
<MISSING>:<MISSING>:<MISSING>:<MISSING>:<MISSING>:<MISSING>:<MISSING>
<MISSING>:<MISSING>:<MISSING>:<MISSING>
<MISSING>:<MISSING>:<MISSING>:<MISSING>:<MISSING>
<MISSING>:<MISSING>:<MISSING>
<MISSING>:<MISSING>
<MISSING>:<MISSING>
43617361506c616e746142616a61:43617361506c616e746142616a61
<MISSING>:<MISSING>
<MISSING>:<MISSING>:<MISSING>
43617361506c616e746142616a61:43617361506c616e746142616a61
43617361506c616e746142616a61:43617361506c616e746142616a61
<MISSING>:<MISSING>:<MISSING>
<MISSING>:<MISSING>
<MISSING>:<MISSING>
<MISSING>:<MISSING>
<MISSING>:<MISSING>
4d562041646d696e:4d562041646d696e
<MISSING>:<MISSING>
<MISSING>:<MISSING>
00000000000000000000000000000000000000000000000000:00000000000000000000000000000000000000000000000000:00000000000000000000000000000000000000000000000000:00000000000000000000000000000000000000000000000000:00000000000000000000000000000000000000000000000000
<MISSING>:<MISSING>
<MISSING>:<MISSING>
<MISSING>:<MISSING>
4163756e612d4d61746174612d4775657374:4163756e612d4d61746174612d4775657374:4163756e612d4d61746174612d4775657374
4341534120434c55422031204554415041:4341534120434c55422031204554415041
4c49422d31383535353231:4c49422d31383535353231:<MISSING>
4341534120434c55422031204554415041:4341534120434c55422031204554415041
6d6f64756c6574657374:6d6f64756c6574657374
<MISSING>:34746f206d75656c6c65:<MISSING>:34746f206d75656c6c65
4c61757261204a6f737565:4c61757261204a6f737565:4c61757261204a6f737565:4c61757261204a6f737565
5245444c41575f3547:5245444c41575f3547:5245444c41575f3547
5245444c4157:5245444c4157:5245444c4157
4c61757261204a6f737565:4c61757261204a6f737565:4c61757261204a6f737565:<MISSING>:4c61757261204a6f737565:<MISSING>:<MISSING>:<MISSING>:<MISSING>:<MISSING>
4c61757261204a6f737565:4c61757261204a6f737565:4c61757261204a6f737565:4c61757261204a6f737565
4c61757261204a6f737565:4c61757261204a6f737565
43414e49435f3547487a:43414e49435f3547487a
<MISSING>:<MISSING>
4c61757261204a6f737565:4c61757261204a6f737565:4c61757261204a6f737565:4c61757261204a6f737565:4c61757261204a6f737565:4c61757261204a6f737565:4c61757261204a6f737565:4c61757261204a6f737565:4c61757261204a6f737565:4c61757261204a6f737565:4c61757261204a6f737565:4c61757261204a6f737565:4c61757261204a6f737565:4c61757261204a6f737565:4c61757261204a6f737565:4c61757261204a6f737565
4c61757261204a6f737565:4c61757261204a6f737565:4c61757261204a6f737565:4c61757261204a6f737565:<MISSING>:<MISSING>:<MISSING>:<MISSING>
<MISSING>:<MISSING>
4c61757261204a6f737565:4c61757261204a6f737565:4c61757261204a6f737565:4c61757261204a6f737565:4c61757261204a6f737565:4c61757261204a6f737565:<MISSING>:<MISSING>
4c61757261204a6f737565:4c61757261204a6f737565:4c61757261204a6f737565:4c61757261204a6f737565:4c61757261204a6f737565:4c61757261204a6f737565:4c61757261204a6f737565:4c61757261204a6f737565:4c61757261204a6f737565:4c61757261204a6f737565:4c61757261204a6f737565:4c61757261204a6f737565:4c61757261204a6f737565:4c61757261204a6f737565:4c61757261204a6f737565
4c61757261204a6f737565:4c61757261204a6f737565:4c61757261204a6f737565:<MISSING>:4c61757261204a6f737565
<MISSING>:<MISSING>
4c61757261204a6f737565:4c61757261204a6f737565:4c61757261204a6f737565:4c61757261204a6f737565:4c61757261204a6f737565:<MISSING>:<MISSING>:<MISSING>:<MISSING>:<MISSING>:4c61757261204a6f737565:4c61757261204a6f737565:<MISSING>:4c61757261204a6f737565:4c61757261204a6f737565:4c61757261204a6f737565:4c61757261204a6f737565:<MISSING>:<MISSING>:<MISSING>
<MISSING>:4c61757261204a6f737565:<MISSING>:4c61757261204a6f737565:<MISSING>:<MISSING>:<MISSING>
4c61757261204a6f737565:4c61757261204a6f737565:4c61757261204a6f737565:4c61757261204a6f737565:4c61757261204a6f737565:<MISSING>:<MISSING>:4c61757261204a6f737565:<MISSING>:<MISSING>
4c61757261204a6f737565:4c61757261204a6f737565
<MISSING>:<MISSING>:<MISSING>
4c61757261204a6f737565:4c61757261204a6f737565
4c61757261204a6f737565:4c61757261204a6f737565:4c61757261204a6f737565:4c61757261204a6f737565:4c61757261204a6f737565:4c61757261204a6f737565:4c61757261204a6f737565:4c61757261204a6f737565:4c61757261204a6f737565
<MISSING>:<MISSING>
4c61757261204a6f737565:4c61757261204a6f737565:4c61757261204a6f737565:4c61757261204a6f737565:4c61757261204a6f737565:4c61757261204a6f737565:4c61757261204a6f737565:4c61757261204a6f737565
<MISSING>:<MISSING>
<MISSING>:4c61757261204a6f737565:4c61757261204a6f737565:4c61757261204a6f737565:4c61757261204a6f737565:<MISSING>:<MISSING>:<MISSING>:<MISSING>
46463439203547:46463439203547
4c61757261204a6f737565:4c61757261204a6f737565
4c61757261204a6f737565:4c61757261204a6f737565:4c61757261204a6f737565
4c61757261204a6f737565:4c61757261204a6f737565:4c61757261204a6f737565:4c61757261204a6f737565:<MISSING>:<MISSING>:<MISSING>:4c61757261204a6f737565:4c61757261204a6f737565:4c61757261204a6f737565:4c61757261204a6f737565:4c61757261204a6f737565:<MISSING>:<MISSING>:<MISSING>:<MISSING>:4c61757261204a6f737565:<MISSING>:<MISSING>:4c61757261204a6f737565:4c61757261204a6f737565:4c61757261204a6f737565:<MISSING>:<MISSING>:<MISSING>
4c61757261204a6f737565:4c61757261204a6f737565:4c61757261204a6f737565:4c61757261204a6f737565:4c61757261204a6f737565:4c61757261204a6f737565:4c61757261204a6f737565
4c61757261204a6f737565:4c61757261204a6f737565:4c61757261204a6f737565:<MISSING>:<MISSING>:<MISSING>:<MISSING>:<MISSING>
4c61757261204a6f737565:4c61757261204a6f737565:4c61757261204a6f737565:4c61757261204a6f737565:4c61757261204a6f737565:4c61757261204a6f737565:4c61757261204a6f737565:4c61757261204a6f737565
4c61757261204a6f737565:4c61757261204a6f737565:4c61757261204a6f737565:4c61757261204a6f737565:4c61757261204a6f737565:4c61757261204a6f737565:4c61757261204a6f737565:4c61757261204a6f737565:4c61757261204a6f737565:4c61757261204a6f737565:4c61757261204a6f737565:4c61757261204a6f737565:4c61757261204a6f737565:4c61757261204a6f737565:4c61757261204a6f737565:4c61757261204a6f737565
4c61757261204a6f737565:4c61757261204a6f737565
<MISSING>:<MISSING>
4c61757261204a6f737565:4c61757261204a6f737565
4c61757261204a6f737565:4c61757261204a6f737565:4c61757261204a6f737565:4c61757261204a6f737565:4c61757261204a6f737565:4c61757261204a6f737565:4c61757261204a6f737565:4c61757261204a6f737565
4c61757261204a6f737565:4c61757261204a6f737565:4c61757261204a6f737565:4c61757261204a6f737565:<MISSING>:<MISSING>:<MISSING>:<MISSING>:<MISSING>:4c61757261204a6f737565:4c61757261204a6f737565:4c61757261204a6f737565:4c61757261204a6f737565:<MISSING>:<MISSING>:<MISSING>:<MISSING>:<MISSING>
<MISSING>:<MISSING>
<MISSING>:<MISSING>:<MISSING>:<MISSING>
<MISSING>:<MISSING>
4c61757261204a6f737565:4c61757261204a6f737565:4c61757261204a6f737565
<MISSING>:<MISSING>
<MISSING>:<MISSING>
4c61757261204a6f737565:4c61757261204a6f737565:4c61757261204a6f737565:4c61757261204a6f737565
5245444c4157:5245444c4157:5245444c4157:5245444c4157
5245444c4157:5245444c4157:<MISSING>:<MISSING>:<MISSING>:<MISSING>:5245444c4157:5245444c4157:<MISSING>:<MISSING>
5245444c4157:5245444c4157:5245444c4157:5245444c4157:5245444c4157:5245444c4157
46463439203547:46463439203547
<MISSING>:61646d696e697374726174697661
<MISSING>:61646d696e697374726174697661
<MISSING>:<MISSING>:<MISSING>:<MISSING>
5245444c4157:5245444c4157:5245444c4157:5245444c4157:5245444c4157
<MISSING>:<MISSING>
<MISSING>:<MISSING>
5245444c4157:5245444c4157:5245444c4157
<MISSING>:<MISSING>
5245444c4157:5245444c4157:5245444c4157
4c61757261204a6f737565:4c61757261204a6f737565:4c61757261204a6f737565:4c61757261204a6f737565
5245444c4157:5245444c4157:5245444c4157:5245444c4157
5245444c4157:5245444c4157:5245444c4157:5245444c4157:<MISSING>:<MISSING>:<MISSING>
5245444c4157:5245444c4157:5245444c4157
5245444c4157:5245444c4157:5245444c4157:5245444c4157
<MISSING>:<MISSING>
5245444c4157:5245444c4157:5245444c4157
5245444c4157:5245444c4157:<MISSING>:<MISSING>:<MISSING>
5245444c4157:5245444c4157:<MISSING>:<MISSING>
5245444c4157:5245444c4157:5245444c4157:5245444c4157
<MISSING>:<MISSING>
46463439203547:46463439203547
46463439203547:46463439203547
46463439203547:46463439203547
494e46494e4954554d324437385f322e34:494e46494e4954554d324437385f322e34
<MISSING>:<MISSING>
4c61757261204a6f737565:4c61757261204a6f737565
4c61757261204a6f737565:4c61757261204a6f737565:4c61757261204a6f737565
<MISSING>:<MISSING>
4c61757261204a6f737565:<MISSING>:<MISSING>:<MISSING>:4c61757261204a6f737565:<MISSING>
4c61757261204a6f737565:4c61757261204a6f737565:4c61757261204a6f737565:4c61757261204a6f737565:4c61757261204a6f737565:4c61757261204a6f737565:4c61757261204a6f737565:4c61757261204a6f737565:4c61757261204a6f737565:4c61757261204a6f737565:4c61757261204a6f737565:4c61757261204a6f737565:4c61757261204a6f737565
4c61757261204a6f737565:4c61757261204a6f737565:<MISSING>:<MISSING>
4c61757261204a6f737565:4c61757261204a6f737565:4c61757261204a6f737565:4c61757261204a6f737565:4c61757261204a6f737565:4c61757261204a6f737565:4c61757261204a6f737565
<MISSING>:<MISSING>
4c61757261204a6f737565:4c61757261204a6f737565:4c61757261204a6f737565:4c61757261204a6f737565:4c61757261204a6f737565:4c61757261204a6f737565:4c61757261204a6f737565:4c61757261204a6f737565:4c61757261204a6f737565:4c61757261204a6f737565
4c61757261204a6f737565:4c61757261204a6f737565
4c61757261204a6f737565:4c61757261204a6f737565:4c61757261204a6f737565:4c61757261204a6f737565:4c61757261204a6f737565:4c61757261204a6f737565:4c61757261204a6f737565:4c61757261204a6f737565:4c61757261204a6f737565:4c61757261204a6f737565
<MISSING>:<MISSING>
<MISSING>:<MISSING>
<MISSING>:<MISSING>
4c61757261204a6f737565:4c61757261204a6f737565:4c61757261204a6f737565
4c61757261204a6f737565:<MISSING>:<MISSING>:4c61757261204a6f737565:4c61757261204a6f737565:4c61757261204a6f737565:4c61757261204a6f737565:<MISSING>:<MISSING>:<MISSING>:<MISSING>:<MISSING>
4c61757261204a6f737565:4c61757261204a6f737565:4c61757261204a6f737565
4c61757261204a6f737565:4c61757261204a6f737565:4c61757261204a6f737565:4c61757261204a6f737565:4c61757261204a6f737565:<MISSING>:<MISSING>:<MISSING>:<MISSING>:<MISSING>:4c61757261204a6f737565:<MISSING>:<MISSING>
4c61757261204a6f737565:4c61757261204a6f737565:4c61757261204a6f737565:4c61757261204a6f737565:4c61757261204a6f737565:4c61757261204a6f737565
4c61757261204a6f737565:4c61757261204a6f737565:4c61757261204a6f737565:<MISSING>:<MISSING>:<MISSING>
<MISSING>:<MISSING>:<MISSING>:<MISSING>:<MISSING>
<MISSING>:<MISSING>
4c61757261204a6f737565:4c61757261204a6f737565:4c61757261204a6f737565:4c61757261204a6f737565
4c61757261204a6f737565:4c61757261204a6f737565:4c61757261204a6f737565:4c61757261204a6f737565:4c61757261204a6f737565:4c61757261204a6f737565:4c61757261204a6f737565:4c61757261204a6f737565:4c61757261204a6f737565:4c61757261204a6f737565:4c61757261204a6f737565
<MISSING>:<MISSING>
<MISSING>:<MISSING>
4c61757261204a6f737565:<MISSING>:<MISSING>
<MISSING>:<MISSING>
<MISSING>:<MISSING>
4c61757261204a6f737565:4c61757261204a6f737565:4c61757261204a6f737565:4c61757261204a6f737565:4c61757261204a6f737565
46463439203547:46463439203547:46463439203547
<MISSING>:<MISSING>:<MISSING>:<MISSING>:<MISSING>:<MISSING>
4c61757261204a6f737565:4c61757261204a6f737565:4c61757261204a6f737565:4c61757261204a6f737565:4c61757261204a6f737565:4c61757261204a6f737565:4c61757261204a6f737565
4c61757261204a6f737565:4c61757261204a6f737565
4c61757261204a6f737565:4c61757261204a6f737565:4c61757261204a6f737565:4c61757261204a6f737565:4c61757261204a6f737565:4c61757261204a6f737565
<MISSING>:<MISSING>
<MISSING>:<MISSING>
<MISSING>:<MISSING>
4c61757261204a6f737565:4c61757261204a6f737565:4c61757261204a6f737565:4c61757261204a6f737565:4c61757261204a6f737565:4c61757261204a6f737565:4c61757261204a6f737565:4c61757261204a6f737565
<MISSING>:<MISSING>
<MISSING>:<MISSING>:<MISSING>:<MISSING>:<MISSING>
<MISSING>:<MISSING>
<MISSING>:<MISSING>
<MISSING>:<MISSING>
<MISSING>:<MISSING>
4c61757261204a6f737565:4c61757261204a6f737565:<MISSING>:4c61757261204a6f737565:<MISSING>:<MISSING>
<MISSING>:<MISSING>
4c61757261204a6f737565:4c61757261204a6f737565:4c61757261204a6f737565:4c61757261204a6f737565:4c61757261204a6f737565:4c61757261204a6f737565:4c61757261204a6f737565:<MISSING>:<MISSING>:<MISSING>:<MISSING>:<MISSING>
4c61757261204a6f737565:4c61757261204a6f737565:4c61757261204a6f737565:4c61757261204a6f737565:4c61757261204a6f737565:4c61757261204a6f737565:4c61757261204a6f737565:4c61757261204a6f737565:4c61757261204a6f737565:4c61757261204a6f737565:4c61757261204a6f737565
434741:434741
4c61757261204a6f737565:<MISSING>
<MISSING>:<MISSING>:<MISSING>:<MISSING>
<MISSING>:<MISSING>
4c61757261204a6f737565:4c61757261204a6f737565:4c61757261204a6f737565:4c61757261204a6f737565:<MISSING>:4c61757261204a6f737565:4c61757261204a6f737565:4c61757261204a6f737565:4c61757261204a6f737565:4c61757261204a6f737565:<MISSING>:<MISSING>:<MISSING>:<MISSING>
4c61757261204a6f737565:4c61757261204a6f737565:4c61757261204a6f737565:4c61757261204a6f737565:4c61757261204a6f737565:4c61757261204a6f737565:4c61757261204a6f737565:4c61757261204a6f737565:4c61757261204a6f737565
<MISSING>:<MISSING>
4c61757261204a6f737565:4c61757261204a6f737565
4c61757261204a6f737565:4c61757261204a6f737565:4c61757261204a6f737565:4c61757261204a6f737565:4c61757261204a6f737565:4c61757261204a6f737565:4c61757261204a6f737565:4c61757261204a6f737565:4c61757261204a6f737565:4c61757261204a6f737565
4c61757261204a6f737565:4c61757261204a6f737565
4c61757261204a6f737565:4c61757261204a6f737565:4c61757261204a6f737565:4c61757261204a6f737565:4c61757261204a6f737565:4c61757261204a6f737565:4c61757261204a6f737565:4c61757261204a6f737565:4c61757261204a6f737565
4c61757261204a6f737565:4c61757261204a6f737565:4c61757261204a6f737565:4c61757261204a6f737565:4c61757261204a6f737565:4c61757261204a6f737565:4c61757261204a6f737565:4c61757261204a6f737565
<MISSING>:<MISSING>
4c61757261204a6f737565:4c61757261204a6f737565:4c61757261204a6f737565:4c61757261204a6f737565:4c61757261204a6f737565:4c61757261204a6f737565
4c61757261204a6f737565:4c61757261204a6f737565:<MISSING>:<MISSING>:4c61757261204a6f737565:4c61757261204a6f737565:<MISSING>
<MISSING>:<MISSING>:<MISSING>:<MISSING>:<MISSING>
<MISSING>:<MISSING>
4c61757261204a6f737565:4c61757261204a6f737565:4c61757261204a6f737565:<MISSING>:<MISSING>:<MISSING>:<MISSING>:4c61757261204a6f737565:4c61757261204a6f737565:4c61757261204a6f737565:4c61757261204a6f737565:4c61757261204a6f737565:<MISSING>:<MISSING>:<MISSING>
4c61757261204a6f737565:4c61757261204a6f737565
<MISSING>:<MISSING>:<MISSING>:<MISSING>
4c61757261204a6f737565:4c61757261204a6f737565:<MISSING>:4c61757261204a6f737565
4c61757261204a6f737565:4c61757261204a6f737565:4c61757261204a6f737565:4c61757261204a6f737565:4c61757261204a6f737565:4c61757261204a6f737565:4c61757261204a6f737565:4c61757261204a6f737565:4c61757261204a6f737565:4c61757261204a6f737565:4c61757261204a6f737565:4c61757261204a6f737565
<MISSING>:<MISSING>
4c61757261204a6f737565:4c61757261204a6f737565:4c61757261204a6f737565:4c61757261204a6f737565:4c61757261204a6f737565:4c61757261204a6f737565:4c61757261204a6f737565:4c61757261204a6f737565
4c61757261204a6f737565:4c61757261204a6f737565:4c61757261204a6f737565:4c61757261204a6f737565:4c61757261204a6f737565:4c61757261204a6f737565:4c61757261204a6f737565:4c61757261204a6f737565:4c61757261204a6f737565:4c61757261204a6f737565:4c61757261204a6f737565:4c61757261204a6f737565
4c61757261204a6f737565:4c61757261204a6f737565:<MISSING>:<MISSING>:<MISSING>:<MISSING>:<MISSING>:4c61757261204a6f737565:4c61757261204a6f737565:4c61757261204a6f737565:4c61757261204a6f737565:4c61757261204a6f737565:<MISSING>
4c61757261204a6f737565:4c61757261204a6f737565:4c61757261204a6f737565:4c61757261204a6f737565:4c61757261204a6f737565:4c61757261204a6f737565:4c61757261204a6f737565:4c61757261204a6f737565:4c61757261204a6f737565
<MISSING>:<MISSING>
<MISSING>:<MISSING>
4c61757261204a6f737565:4c61757261204a6f737565:4c61757261204a6f737565:4c61757261204a6f737565:<MISSING>:<MISSING>:<MISSING>:<MISSING>:4c61757261204a6f737565:4c61757261204a6f737565:4c61757261204a6f737565:4c61757261204a6f737565:<MISSING>:<MISSING>:<MISSING>:<MISSING>
4c61757261204a6f737565:4c61757261204a6f737565:4c61757261204a6f737565:4c61757261204a6f737565:4c61757261204a6f737565:4c61757261204a6f737565:4c61757261204a6f737565:4c61757261204a6f737565:4c61757261204a6f737565
<MISSING>:<MISSING>
4c61757261204a6f737565:4c61757261204a6f737565
4c61757261204a6f737565:4c61757261204a6f737565:4c61757261204a6f737565:4c61757261204a6f737565:4c61757261204a6f737565:<MISSING>:<MISSING>:<MISSING>:<MISSING>:<MISSING>:4c61757261204a6f737565:4c61757261204a6f737565:4c61757261204a6f737565:4c61757261204a6f737565:4c61757261204a6f737565:<MISSING>:<MISSING>:<MISSING>:<MISSING>:<MISSING>
46463439203547:46463439203547
<MISSING>:<MISSING>
<MISSING>:<MISSING>
4c61757261204a6f737565:4c61757261204a6f737565:4c61757261204a6f737565:4c61757261204a6f737565:4c61757261204a6f737565:<MISSING>:<MISSING>:<MISSING>:<MISSING>:<MISSING>
<MISSING>:<MISSING>
4c61757261204a6f737565:4c61757261204a6f737565:4c61757261204a6f737565:4c61757261204a6f737565:4c61757261204a6f737565:4c61757261204a6f737565:4c61757261204a6f737565:4c61757261204a6f737565:4c61757261204a6f737565:4c61757261204a6f737565:4c61757261204a6f737565:4c61757261204a6f737565:4c61757261204a6f737565
4c61757261204a6f737565:4c61757261204a6f737565:4c61757261204a6f737565:4c61757261204a6f737565:<MISSING>:<MISSING>:<MISSING>:4c61757261204a6f737565:4c61757261204a6f737565:4c61757261204a6f737565:<MISSING>:<MISSING>:<MISSING>:<MISSING>
<MISSING>:<MISSING>
<MISSING>:<MISSING>
4c61757261204a6f737565:4c61757261204a6f737565:4c61757261204a6f737565
<MISSING>:<MISSING>
<MISSING>:<MISSING>
46463439203547:46463439203547
4c61757261204a6f737565:<MISSING>:<MISSING>:<MISSING>:<MISSING>
<MISSING>:<MISSING>
4c61757261204a6f737565:4c61757261204a6f737565:<MISSING>:<MISSING>:4c61757261204a6f737565:<MISSING>
4c61757261204a6f737565:4c61757261204a6f737565:4c61757261204a6f737565:4c61757261204a6f737565:4c61757261204a6f737565
4c61757261204a6f737565:4c61757261204a6f737565
<MISSING>:<MISSING>
4c61757261204a6f737565:4c61757261204a6f737565:4c61757261204a6f737565:4c61757261204a6f737565:<MISSING>:<MISSING>:4c61757261204a6f737565:4c61757261204a6f737565:4c61757261204a6f737565:<MISSING>:<MISSING>:<MISSING>:<MISSING>
<MISSING>:<MISSING>
4c61757261204a6f737565:4c61757261204a6f737565:<MISSING>:4c61757261204a6f737565:4c61757261204a6f737565:<MISSING>:<MISSING>:<MISSING>
<MISSING>:<MISSING>
4c61757261204a6f737565:4c61757261204a6f737565:4c61757261204a6f737565:4c61757261204a6f737565:4c61757261204a6f737565:<MISSING>:<MISSING>:4c61757261204a6f737565
4c61757261204a6f737565:4c61757261204a6f737565:4c61757261204a6f737565:4c61757261204a6f737565:4c61757261204a6f737565:4c61757261204a6f737565:4c61757261204a6f737565:4c61757261204a6f737565:4c61757261204a6f737565:4c61757261204a6f737565:4c61757261204a6f737565:4c61757261204a6f737565:4c61757261204a6f737565:4c61757261204a6f737565
<MISSING>:<MISSING>
4c61757261204a6f737565:4c61757261204a6f737565:4c61757261204a6f737565:4c61757261204a6f737565:<MISSING>:<MISSING>:<MISSING>:<MISSING>:<MISSING>:4c61757261204a6f737565:4c61757261204a6f737565:4c61757261204a6f737565:<MISSING>:<MISSING>:<MISSING>:<MISSING>:<MISSING>:<MISSING>
<MISSING>:<MISSING>
4c61757261204a6f737565:4c61757261204a6f737565:4c61757261204a6f737565:<MISSING>:<MISSING>:4c61757261204a6f737565:4c61757261204a6f737565:4c61757261204a6f737565:4c61757261204a6f737565
<MISSING>:4c61757261204a6f737565:<MISSING>:<MISSING>:4c61757261204a6f737565:4c61757261204a6f737565:4c61757261204a6f737565:<MISSING>:<MISSING>
<MISSING>:<MISSING>
4c61757261204a6f737565:4c61757261204a6f737565:4c61757261204a6f737565:4c61757261204a6f737565:4c61757261204a6f737565
4c61757261204a6f737565:<MISSING>:<MISSING>:<MISSING>:4c61757261204a6f737565:4c61757261204a6f737565:4c61757261204a6f737565:4c61757261204a6f737565:4c61757261204a6f737565:<MISSING>:<MISSING>:<MISSING>:<MISSING>:<MISSING>
4c61757261204a6f737565:4c61757261204a6f737565:4c61757261204a6f737565:4c61757261204a6f737565:4c61757261204a6f737565
4c61757261204a6f737565:4c61757261204a6f737565:4c61757261204a6f737565:4c61757261204a6f737565:<MISSING>:<MISSING>:4c61757261204a6f737565:4c61757261204a6f737565:4c61757261204a6f737565:<MISSING>:<MISSING>
4c61757261204a6f737565:4c61757261204a6f737565:4c61757261204a6f737565:4c61757261204a6f737565
4c61757261204a6f737565:4c61757261204a6f737565:4c61757261204a6f737565:4c61757261204a6f737565:4c61757261204a6f737565:<MISSING>:<MISSING>:<MISSING>:4c61757261204a6f737565:<MISSING>:<MISSING>:<MISSING>
4c61757261204a6f737565:4c61757261204a6f737565:4c61757261204a6f737565:4c61757261204a6f737565:4c61757261204a6f737565:4c61757261204a6f737565:4c61757261204a6f737565
4c61757261204a6f737565:4c61757261204a6f737565:4c61757261204a6f737565:4c61757261204a6f737565:4c61757261204a6f737565:4c61757261204a6f737565:4c61757261204a6f737565:4c61757261204a6f737565
<MISSING>:<MISSING>
4c61757261204a6f737565:4c61757261204a6f737565:4c61757261204a6f737565:4c61757261204a6f737565:4c61757261204a6f737565:4c61757261204a6f737565
4c61757261204a6f737565:4c61757261204a6f737565
<MISSING>:4c61757261204a6f737565:4c61757261204a6f737565:<MISSING>
<MISSING>:<MISSING>
4c61757261204a6f737565:4c61757261204a6f737565:<MISSING>
<MISSING>:<MISSING>
4c61757261204a6f737565:4c61757261204a6f737565:4c61757261204a6f737565:4c61757261204a6f737565:<MISSING>:<MISSING>:<MISSING>:<MISSING>:<MISSING>:4c61757261204a6f737565:4c61757261204a6f737565:4c61757261204a6f737565:4c61757261204a6f737565:<MISSING>:<MISSING>:<MISSING>:<MISSING>:<MISSING>
4c61757261204a6f737565:4c61757261204a6f737565:4c61757261204a6f737565:4c61757261204a6f737565:4c61757261204a6f737565:4c61757261204a6f737565:4c61757261204a6f737565
4c61757261204a6f737565:<MISSING>:<MISSING>:<MISSING>:<MISSING>:4c61757261204a6f737565:4c61757261204a6f737565:<MISSING>:<MISSING>:<MISSING>:<MISSING>
<MISSING>:<MISSING>
4c61757261204a6f737565:4c61757261204a6f737565:4c61757261204a6f737565:4c61757261204a6f737565:4c61757261204a6f737565:4c61757261204a6f737565
4c61757261204a6f737565:4c61757261204a6f737565:4c61757261204a6f737565:4c61757261204a6f737565:4c61757261204a6f737565:4c61757261204a6f737565:4c61757261204a6f737565:4c61757261204a6f737565:4c61757261204a6f737565
4c61757261204a6f737565:<MISSING>:<MISSING>:<MISSING>:<MISSING>
4c61757261204a6f737565:4c61757261204a6f737565
<MISSING>:<MISSING>
4c61757261204a6f737565:<MISSING>:<MISSING>:4c61757261204a6f737565
4c61757261204a6f737565:4c61757261204a6f737565:4c61757261204a6f737565:4c61757261204a6f737565
<MISSING>:<MISSING>:<MISSING>:<MISSING>
4c61757261204a6f737565:4c61757261204a6f737565:<MISSING>
4c61757261204a6f737565:4c61757261204a6f737565
4c61757261204a6f737565:4c61757261204a6f737565:4c61757261204a6f737565:4c61757261204a6f737565:4c61757261204a6f737565
<MISSING>:<MISSING>
<MISSING>:<MISSING>:<MISSING>
<MISSING>:<MISSING>
4c61757261204a6f737565:4c61757261204a6f737565:4c61757261204a6f737565:4c61757261204a6f737565:4c61757261204a6f737565:<MISSING>:<MISSING>:<MISSING>:<MISSING>:<MISSING>:4c61757261204a6f737565:4c61757261204a6f737565:4c61757261204a6f737565:4c61757261204a6f737565:<MISSING>:<MISSING>:<MISSING>
4c61757261204a6f737565:4c61757261204a6f737565:4c61757261204a6f737565
4c61757261204a6f737565:4c61757261204a6f737565:4c61757261204a6f737565:4c61757261204a6f737565:4c61757261204a6f737565:4c61757261204a6f737565:4c61757261204a6f737565
<MISSING>:<MISSING>
4c61757261204a6f737565:4c61757261204a6f737565:4c61757261204a6f737565:4c61757261204a6f737565:4c61757261204a6f737565:4c61757261204a6f737565:4c61757261204a6f737565:4c61757261204a6f737565:4c61757261204a6f737565:4c61757261204a6f737565:4c61757261204a6f737565:<MISSING>
4c61757261204a6f737565:4c61757261204a6f737565:4c61757261204a6f737565:4c61757261204a6f737565
4c61757261204a6f737565:4c61757261204a6f737565:4c61757261204a6f737565:4c61757261204a6f737565:4c61757261204a6f737565:4c61757261204a6f737565
4c61757261204a6f737565:<MISSING>
4c61757261204a6f737565:4c61757261204a6f737565:4c61757261204a6f737565:4c61757261204a6f737565:4c61757261204a6f737565
<MISSING>:<MISSING>
<MISSING>:<MISSING>
<MISSING>:<MISSING>
4c61757261204a6f737565:4c61757261204a6f737565:4c61757261204a6f737565:4c61757261204a6f737565:4c61757261204a6f737565:4c61757261204a6f737565:4c61757261204a6f737565:4c61757261204a6f737565
<MISSING>:<MISSING>
<MISSING>:<MISSING>
4c61757261204a6f737565:<MISSING>
4c61757261204a6f737565:4c61757261204a6f737565:4c61757261204a6f737565:4c61757261204a6f737565:4c61757261204a6f737565:4c61757261204a6f737565:4c61757261204a6f737565:4c61757261204a6f737565:4c61757261204a6f737565:4c61757261204a6f737565:4c61757261204a6f737565:4c61757261204a6f737565:4c61757261204a6f737565:4c61757261204a6f737565
<MISSING>:<MISSING>
4c61757261204a6f737565:4c61757261204a6f737565:<MISSING>:4c61757261204a6f737565:4c61757261204a6f737565:<MISSING>:<MISSING>:<MISSING>:<MISSING>:<MISSING>
4c61757261204a6f737565:4c61757261204a6f737565:4c61757261204a6f737565:4c61757261204a6f737565:4c61757261204a6f737565:4c61757261204a6f737565:4c61757261204a6f737565:4c61757261204a6f737565:4c61757261204a6f737565:4c61757261204a6f737565:4c61757261204a6f737565:4c61757261204a6f737565
4c61757261204a6f737565:4c61757261204a6f737565:4c61757261204a6f737565:4c61757261204a6f737565:4c61757261204a6f737565:4c61757261204a6f737565:4c61757261204a6f737565:4c61757261204a6f737565:4c61757261204a6f737565:4c61757261204a6f737565:4c61757261204a6f737565:4c61757261204a6f737565:4c61757261204a6f737565:4c61757261204a6f737565:4c61757261204a6f737565:4c61757261204a6f737565:4c61757261204a6f737565:4c61757261204a6f737565
4c61757261204a6f737565:<MISSING>
4c61757261204a6f737565:4c61757261204a6f737565:4c61757261204a6f737565:<MISSING>:<MISSING>:<MISSING>:<MISSING>:4c61757261204a6f737565:4c61757261204a6f737565:4c61757261204a6f737565:4c61757261204a6f737565:4c61757261204a6f737565:<MISSING>:<MISSING>:<MISSING>:<MISSING>:4c61757261204a6f737565:<MISSING>
4c61757261204a6f737565:4c61757261204a6f737565
4c61757261204a6f737565:4c61757261204a6f737565:4c61757261204a6f737565:4c61757261204a6f737565:<MISSING>:<MISSING>:4c61757261204a6f737565:4c61757261204a6f737565:4c61757261204a6f737565
4c61757261204a6f737565:4c61757261204a6f737565
4c61757261204a6f737565:<MISSING>
4c61757261204a6f737565:4c61757261204a6f737565:4c61757261204a6f737565:4c61757261204a6f737565:4c61757261204a6f737565:4c61757261204a6f737565:4c61757261204a6f737565
4c61757261204a6f737565:4c61757261204a6f737565
<MISSING>:<MISSING>
<MISSING>:<MISSING>
4c61757261204a6f737565:4c61757261204a6f737565:4c61757261204a6f737565:4c61757261204a6f737565:4c61757261204a6f737565:4c61757261204a6f737565:<MISSING>:<MISSING>:<MISSING>:<MISSING>:<MISSING>:4c61757261204a6f737565:4c61757261204a6f737565:4c61757261204a6f737565:4c61757261204a6f737565:<MISSING>:<MISSING>:<MISSING>
4c61757261204a6f737565:4c61757261204a6f737565:4c61757261204a6f737565:4c61757261204a6f737565:4c61757261204a6f737565:4c61757261204a6f737565:4c61757261204a6f737565:4c61757261204a6f737565
4c61757261204a6f737565:4c61757261204a6f737565:4c61757261204a6f737565:4c61757261204a6f737565:4c61757261204a6f737565:4c61757261204a6f737565:4c61757261204a6f737565:4c61757261204a6f737565:4c61757261204a6f737565:4c61757261204a6f737565:4c61757261204a6f737565
4c61757261204a6f737565:4c61757261204a6f737565:<MISSING>
4c61757261204a6f737565:4c61757261204a6f737565:4c61757261204a6f737565
<MISSING>:<MISSING>
4c61757261204a6f737565:4c61757261204a6f737565:4c61757261204a6f737565:4c61757261204a6f737565:4c61757261204a6f737565:4c61757261204a6f737565:4c61757261204a6f737565:4c61757261204a6f737565:4c61757261204a6f737565:4c61757261204a6f737565:4c61757261204a6f737565:4c61757261204a6f737565:4c61757261204a6f737565:4c61757261204a6f737565:4c61757261204a6f737565:4c61757261204a6f737565
4c61757261204a6f737565:4c61757261204a6f737565
4c61757261204a6f737565:4c61757261204a6f737565:<MISSING>:<MISSING>:<MISSING>
4c61757261204a6f737565:4c61757261204a6f737565
<MISSING>:<MISSING>
<MISSING>:<MISSING>
<MISSING>:<MISSING>
<MISSING>:<MISSING>
<MISSING>:<MISSING>
4c61757261204a6f737565:4c61757261204a6f737565:4c61757261204a6f737565
<MISSING>:<MISSING>
4c61757261204a6f737565:4c61757261204a6f737565:4c61757261204a6f737565:4c61757261204a6f737565:4c61757261204a6f737565:<MISSING>:<MISSING>:4c61757261204a6f737565:4c61757261204a6f737565
4c61757261204a6f737565:4c61757261204a6f737565:4c61757261204a6f737565:4c61757261204a6f737565:4c61757261204a6f737565:4c61757261204a6f737565:4c61757261204a6f737565
4c61757261204a6f737565:4c61757261204a6f737565:4c61757261204a6f737565:4c61757261204a6f737565:4c61757261204a6f737565:4c61757261204a6f737565:4c61757261204a6f737565:4c61757261204a6f737565
<MISSING>:<MISSING>
4c61757261204a6f737565:4c61757261204a6f737565:<MISSING>:<MISSING>:<MISSING>:<MISSING>:<MISSING>:4c61757261204a6f737565:4c61757261204a6f737565:4c61757261204a6f737565:4c61757261204a6f737565:<MISSING>:<MISSING>:<MISSING>
<MISSING>:<MISSING>
4c61757261204a6f737565:4c61757261204a6f737565:4c61757261204a6f737565:4c61757261204a6f737565:4c61757261204a6f737565
4c61757261204a6f737565:4c61757261204a6f737565:4c61757261204a6f737565:4c61757261204a6f737565
<MISSING>:<MISSING>
<MISSING>:<MISSING>
<MISSING>:<MISSING>:<MISSING>:<MISSING>
<MISSING>:<MISSING>:<MISSING>:<MISSING>
<MISSING>:<MISSING>
4c61757261204a6f737565:4c61757261204a6f737565:4c61757261204a6f737565:4c61757261204a6f737565
4c61757261204a6f737565:<MISSING>:<MISSING>:<MISSING>:<MISSING>:<MISSING>:4c61757261204a6f737565:4c61757261204a6f737565:<MISSING>:<MISSING>
4c61757261204a6f737565:4c61757261204a6f737565:4c61757261204a6f737565:4c61757261204a6f737565:4c61757261204a6f737565:4c61757261204a6f737565:4c61757261204a6f737565:4c61757261204a6f737565:4c61757261204a6f737565
<MISSING>:<MISSING>
<MISSING>:<MISSING>:4c61757261204a6f737565:4c61757261204a6f737565
<MISSING>:<MISSING>
4c61757261204a6f737565:4c61757261204a6f737565:<MISSING>:<MISSING>:<MISSING>
<MISSING>:<MISSING>
<MISSING>:<MISSING>
<MISSING>:<MISSING>
<MISSING>:<MISSING>
4c61757261204a6f737565:4c61757261204a6f737565:4c61757261204a6f737565:4c61757261204a6f737565:4c61757261204a6f737565:<MISSING>:<MISSING>:4c61757261204a6f737565:4c61757261204a6f737565:4c61757261204a6f737565:4c61757261204a6f737565:4c61757261204a6f737565:<MISSING>:<MISSING>:<MISSING>:<MISSING>:<MISSING>
<MISSING>:<MISSING>:4c61757261204a6f737565:4c61757261204a6f737565:4c61757261204a6f737565:<MISSING>:<MISSING>:<MISSING>:4c61757261204a6f737565:4c61757261204a6f737565:4c61757261204a6f737565:4c61757261204a6f737565:4c61757261204a6f737565:<MISSING>:<MISSING>:<MISSING>:<MISSING>
<MISSING>:<MISSING>
4c61757261204a6f737565:4c61757261204a6f737565:4c61757261204a6f737565:4c61757261204a6f737565:4c61757261204a6f737565:4c61757261204a6f737565:4c61757261204a6f737565:4c61757261204a6f737565:4c61757261204a6f737565:4c61757261204a6f737565
4c61757261204a6f737565:4c61757261204a6f737565:<MISSING>:<MISSING>
4c61757261204a6f737565:4c61757261204a6f737565:4c61757261204a6f737565:4c61757261204a6f737565:4c61757261204a6f737565:4c61757261204a6f737565:4c61757261204a6f737565
<MISSING>:<MISSING>
4c61757261204a6f737565:4c61757261204a6f737565:4c61757261204a6f737565:4c61757261204a6f737565:4c61757261204a6f737565:4c61757261204a6f737565:4c61757261204a6f737565:4c61757261204a6f737565:4c61757261204a6f737565:4c61757261204a6f737565:4c61757261204a6f737565:4c61757261204a6f737565:4c61757261204a6f737565:4c61757261204a6f737565
<MISSING>:<MISSING>:<MISSING>
4c61757261204a6f737565:4c61757261204a6f737565:4c61757261204a6f737565:<MISSING>:<MISSING>:<MISSING>:4c61757261204a6f737565:4c61757261204a6f737565:4c61757261204a6f737565:4c61757261204a6f737565
<MISSING>:<MISSING>
4c61757261204a6f737565:4c61757261204a6f737565:4c61757261204a6f737565:4c61757261204a6f737565:4c61757261204a6f737565:4c61757261204a6f737565
4c61757261204a6f737565:4c61757261204a6f737565:4c61757261204a6f737565:4c61757261204a6f737565:4c61757261204a6f737565:4c61757261204a6f737565:4c61757261204a6f737565:4c61757261204a6f737565:4c61757261204a6f737565
4c61757261204a6f737565:4c61757261204a6f737565:<MISSING>
<MISSING>:<MISSING>
46463439203547:46463439203547
4c61757261204a6f737565:4c61757261204a6f737565:4c61757261204a6f737565
<MISSING>:<MISSING>
4c61757261204a6f737565:4c61757261204a6f737565:4c61757261204a6f737565
4c61757261204a6f737565:4c61757261204a6f737565:4c61757261204a6f737565:4c61757261204a6f737565
<MISSING>:<MISSING>
<MISSING>:<MISSING>:<MISSING>
4c61757261204a6f737565:4c61757261204a6f737565:4c61757261204a6f737565:4c61757261204a6f737565:4c61757261204a6f737565
4c61757261204a6f737565:<MISSING>
<MISSING>:<MISSING>:<MISSING>:<MISSING>
<MISSING>:<MISSING>
<MISSING>:<MISSING>
<MISSING>:<MISSING>
<MISSING>:<MISSING>:<MISSING>:<MISSING>
<MISSING>:4c61757261204a6f737565
<MISSING>:<MISSING>
4c61757261204a6f737565:4c61757261204a6f737565:4c61757261204a6f737565
<MISSING>:<MISSING>:<MISSING>
<MISSING>:<MISSING>
<MISSING>:<MISSING>:<MISSING>:<MISSING>
<MISSING>:<MISSING>:<MISSING>:<MISSING>:<MISSING>
<MISSING>:<MISSING>:<MISSING>
4c61757261204a6f737565:4c61757261204a6f737565:4c61757261204a6f737565:4c61757261204a6f737565
<MISSING>:<MISSING>:<MISSING>:<MISSING>
<MISSING>:<MISSING>:<MISSING>:<MISSING>:<MISSING>:<MISSING>
<MISSING>:<MISSING>:<MISSING>:<MISSING>
<MISSING>:<MISSING>
4c61757261204a6f737565:4c61757261204a6f737565:4c61757261204a6f737565:4c61757261204a6f737565
<MISSING>:<MISSING>:<MISSING>:<MISSING>:<MISSING>:<MISSING>
<MISSING>:<MISSING>
<MISSING>:<MISSING>
4c61757261204a6f737565:4c61757261204a6f737565:4c61757261204a6f737565:4c61757261204a6f737565:4c61757261204a6f737565:4c61757261204a6f737565:4c61757261204a6f737565:4c61757261204a6f737565:4c61757261204a6f737565:4c61757261204a6f737565:4c61757261204a6f737565
4c61757261204a6f737565:4c61757261204a6f737565:4c61757261204a6f737565
4c61757261204a6f737565:4c61757261204a6f737565
<MISSING>:<MISSING>
<MISSING>:<MISSING>
<MISSING>:<MISSING>:<MISSING>
<MISSING>:<MISSING>:<MISSING>:4c61757261204a6f737565:4c61757261204a6f737565:<MISSING>:<MISSING>:<MISSING>:<MISSING>
4c61757261204a6f737565:4c61757261204a6f737565:4c61757261204a6f737565:4c61757261204a6f737565:4c61757261204a6f737565
<MISSING>:<MISSING>
<MISSING>:<MISSING>
4c61757261204a6f737565:4c61757261204a6f737565
<MISSING>:<MISSING>:<MISSING>:<MISSING>
<MISSING>:<MISSING>:<MISSING>
4c61757261204a6f737565:<MISSING>:<MISSING>:4c61757261204a6f737565:4c61757261204a6f737565:4c61757261204a6f737565:<MISSING>:<MISSING>
<MISSING>:<MISSING>:<MISSING>:<MISSING>:<MISSING>:<MISSING>
<MISSING>:<MISSING>:<MISSING>
4c61757261204a6f737565:4c61757261204a6f737565:<MISSING>:<MISSING>:4c61757261204a6f737565:4c61757261204a6f737565:<MISSING>:<MISSING>
<MISSING>:<MISSING>
<MISSING>:<MISSING>:<MISSING>
<MISSING>:<MISSING>:<MISSING>:<MISSING>
4348414e2d3547:4348414e2d3547
<MISSING>:<MISSING>:<MISSING>:<MISSING>
<MISSING>:<MISSING>:<MISSING>:<MISSING>
<MISSING>:<MISSING>
<MISSING>:<MISSING>:<MISSING>
<MISSING>:<MISSING>
<MISSING>:<MISSING>
<MISSING>:<MISSING>
5265646d69204e6f7465203131:5265646d69204e6f7465203131:5265646d69204e6f7465203131:5265646d69204e6f7465203131
<MISSING>:<MISSING>
<MISSING>:<MISSING>
47415354524f5055425f3435204755455354:47415354524f5055425f3435204755455354
2e2e2e534a4f204672656520576966692062792053697477696669:2e2e2e534a4f204672656520576966692062792053697477696669
47415354524f5055425f3435:47415354524f5055425f3435:47415354524f5055425f3435:47415354524f5055425f3435:47415354524f5055425f3435:47415354524f5055425f3435
<MISSING>:<MISSING>:<MISSING>
<MISSING>:<MISSING>
<MISSING>:<MISSING>
<MISSING>:2e2e2e534a4f204672656520576966692062792053697477696669004f:<MISSING>:4d3165603b3360584e224f6f4e5227696c232b49:2e2e2e534a4f204672656520576966692062792053697477696669004f
<MISSING>:<MISSING>
<MISSING>:<MISSING>
<MISSING>:<MISSING>
<MISSING>:<MISSING>:<MISSING>
5265646d69204e6f7465203131:5265646d69204e6f7465203131:5265646d69204e6f7465203131
<MISSING>:<MISSING>
<MISSING>:<MISSING>:<MISSING>
<MISSING>:<MISSING>
<MISSING>:<MISSING>
<MISSING>:<MISSING>
<MISSING>:<MISSING>:<MISSING>:<MISSING>
<MISSING>:<MISSING>:<MISSING>
<MISSING>:<MISSING>
<MISSING>:<MISSING>:<MISSING>:<MISSING>:<MISSING>
<MISSING>:<MISSING>
<MISSING>:<MISSING>
<MISSING>:<MISSING>
<MISSING>:<MISSING>
5265646d69204e6f7465203131:5265646d69204e6f7465203131
<MISSING>:5265646d69204e6f7465203131:5265646d69204e6f7465203131:5265646d69204e6f7465203131
<MISSING>:<MISSING>:<MISSING>:<MISSING>:<MISSING>
47415354524f5055425f3435204755455354:47415354524f5055425f3435204755455354
<MISSING>:<MISSING>
<MISSING>:<MISSING>
5265646d69204e6f7465203131:5265646d69204e6f7465203131
<MISSING>:<MISSING>
2e2e2e534a4f204672656520576966692062792053697477696669:2e2e2e534a4f204672656520576966692062792053697477696669:2e2e2e534a4f204672656520576966692062792053697477696669
<MISSING>:<MISSING>
<MISSING>:<MISSING>
<MISSING>:<MISSING>:<MISSING>:<MISSING>
<MISSING>:<MISSING>:<MISSING>
<MISSING>:<MISSING>
<MISSING>:<MISSING>
<MISSING>:<MISSING>
<MISSING>:<MISSING>
5265646d69204e6f7465203131:5265646d69204e6f7465203131
<MISSING>:<MISSING>
<MISSING>:<MISSING>
<MISSING>:<MISSING>
5265646d69204e6f7465203131:5265646d69204e6f7465203131:5265646d69204e6f7465203131:5265646d69204e6f7465203131
<MISSING>:<MISSING>
<MISSING>:<MISSING>
<MISSING>:<MISSING>:5265646d69204e6f7465203131
<MISSING>:<MISSING>:<MISSING>
<MISSING>:<MISSING>
5265646d69204e6f7465203131:5265646d69204e6f7465203131:5265646d69204e6f7465203131:5265646d69204e6f7465203131
<MISSING>:<MISSING>:<MISSING>
<MISSING>:<MISSING>
<MISSING>:<MISSING>
<MISSING>:5265646d69204e6f7465203131:5265646d69204e6f7465203131:5265646d69204e6f7465203131:5265646d69204e6f7465203131
5265646d69204e6f7465203131:5265646d69204e6f7465203131
<MISSING>:<MISSING>
47415354524f5055425f3435:47415354524f5055425f3435:47415354524f5055425f3435:47415354524f5055425f3435:47415354524f5055425f3435:47415354524f5055425f3435:47415354524f5055425f3435:47415354524f5055425f3435:47415354524f5055425f3435:47415354524f5055425f3435:47415354524f5055425f3435
<MISSING>:<MISSING>:<MISSING>:<MISSING>:<MISSING>:<MISSING>:<MISSING>:<MISSING>
<MISSING>:<MISSING>
<MISSING>:<MISSING>
<MISSING>:<MISSING>:<MISSING>
2e2e2e534a4f204672656520576966692062792053697477696669:2e2e2e534a4f204672656520576966692062792053697477696669:2e2e2e534a4f204672656520576966692062792053697477696669
<MISSING>:<MISSING>:<MISSING>:<MISSING>:<MISSING>:<MISSING>
<MISSING>:<MISSING>:<MISSING>:<MISSING>
47415354524f5055425f3435204755455354:47415354524f5055425f3435204755455354
<MISSING>:<MISSING>:<MISSING>
<MISSING>:5265646d69204e6f7465203131:5265646d69204e6f7465203131:5265646d69204e6f7465203131
2e2e2e534a4f204672656520576966692062792053697477696669:2e2e2e534a4f204672656520576966692062792053697477696669
<MISSING>:<MISSING>:<MISSING>:<MISSING>:<MISSING>:<MISSING>
<MISSING>:<MISSING>
53616e74616d617269615f564950:53616e74616d617269615f564950:53616e74616d617269615f564950:53616e74616d617269615f564950:53616e74616d617269615f564950:53616e74616d617269615f564950
<MISSING>:<MISSING>
<MISSING>:<MISSING>:<MISSING>:<MISSING>
<MISSING>:<MISSING>
<MISSING>:<MISSING>
<MISSING>:<MISSING>:<MISSING>
<MISSING>:<MISSING>
<MISSING>:<MISSING>
<MISSING>:<MISSING>
<MISSING>:<MISSING>:<MISSING>
2e2e2e534a4f204672656520576966692062792053697477696669:2e2e2e534a4f204672656520576966692062792053697477696669
<MISSING>:<MISSING>
5265646d69204e6f7465203131:5265646d69204e6f7465203131:5265646d69204e6f7465203131
<MISSING>:<MISSING>:<MISSING>:<MISSING>
<MISSING>:<MISSING>
2e2e2e534a4f204672656520576966692062792053697477696669:2e2e2e534a4f204672656520576966692062792053697477696669:2e2e2e534a4f204672656520576966692062792053697477696669:2e2e2e534a4f204672656520576966692062792053697477696669
<MISSING>:<MISSING>:<MISSING>:<MISSING>:<MISSING>
<MISSING>:<MISSING>
<MISSING>:<MISSING>
<MISSING>:<MISSING>
<MISSING>:<MISSING>
<MISSING>:<MISSING>:<MISSING>:<MISSING>:<MISSING>
<MISSING>:<MISSING>:<MISSING>:<MISSING>:<MISSING>:<MISSING>:<MISSING>
<MISSING>:<MISSING>:<MISSING>
<MISSING>:<MISSING>:5265646d69204e6f7465203131:5265646d69204e6f7465203131:5265646d69204e6f7465203131:5265646d69204e6f7465203131
5265646d69204e6f7465203131:5265646d69204e6f7465203131
<MISSING>:<MISSING>:<MISSING>:<MISSING>:<MISSING>
<MISSING>:<MISSING>
<MISSING>:<MISSING>
<MISSING>:<MISSING>
2e2e2e534a4f204672656520576966692062792053697477696669:2e2e2e534a4f204672656520576966692062792053697477696669
5265646d69204e6f7465203131:5265646d69204e6f7465203131:5265646d69204e6f7465203131
<MISSING>:<MISSING>
<MISSING>:<MISSING>:<MISSING>:<MISSING>:<MISSING>:<MISSING>:<MISSING>
<MISSING>:<MISSING>:<MISSING>
<MISSING>:<MISSING>
<MISSING>:<MISSING>
6950686f6e65:6950686f6e65:6950686f6e65:6950686f6e65:6950686f6e65
2e2e2e534a4f204672656520576966692062792053697477696669:2e2e2e534a4f204672656520576966692062792053697477696669
2e2e2e534a4f204672656520576966692062792053697477696669:2e2e2e534a4f204672656520576966692062792053697477696669
2e2e2e534a4f204672656520576966692062792053697477696669:2e2e2e534a4f204672656520576966692062792053697477696669:2e2e2e534a4f204672656520576966692062792053697477696669:2e2e2e534a4f204672656520576966692062792053697477696669
47415354524f5055425f3435204755455354:47415354524f5055425f3435204755455354:47415354524f5055425f3435204755455354:47415354524f5055425f3435204755455354
<MISSING>:<MISSING>:<MISSING>
<MISSING>:5265646d69204e6f7465203131:5265646d69204e6f7465203131:5265646d69204e6f7465203131:5265646d69204e6f7465203131
<MISSING>:<MISSING>
<MISSING>:<MISSING>
<MISSING>:<MISSING>:<MISSING>:<MISSING>:<MISSING>:<MISSING>:<MISSING>
<MISSING>:5265646d69204e6f7465203131:5265646d69204e6f7465203131:5265646d69204e6f7465203131:5265646d69204e6f7465203131
<MISSING>:<MISSING>
47415354524f5055425f3435:47415354524f5055425f3435:47415354524f5055425f3435:47415354524f5055425f3435:47415354524f5055425f3435:47415354524f5055425f3435:47415354524f5055425f3435:47415354524f5055425f3435:47415354524f5055425f3435:47415354524f5055425f3435:47415354524f5055425f3435:47415354524f5055425f3435:47415354524f5055425f3435:47415354524f5055425f3435
2e2e2e534a4f204672656520576966692062792053697477696669:2e2e2e534a4f204672656520576966692062792053697477696669
<MISSING>:<MISSING>
47415354524f5055425f3435204755455354:47415354524f5055425f3435204755455354
<MISSING>:<MISSING>
<MISSING>:<MISSING>
2e2e2e534a4f204672656520576966692062792053697477696669:2e2e2e534a4f204672656520576966692062792053697477696669
47415354524f5055425f3435204755455354:47415354524f5055425f3435204755455354
2e2e2e534a4f204672656520576966692062792053697477696669:2e2e2e534a4f204672656520576966692062792053697477696669:2e2e2e534a4f204672656520576966692062792053697477696669:2e2e2e534a4f204672656520576966692062792053697477696669:2e2e2e534a4f204672656520576966692062792053697477696669:2e2e2e534a4f204672656520576966692062792053697477696669
2e2e2e534a4f204672656520576966692062792053697477696669:2e2e2e534a4f204672656520576966692062792053697477696669
2e2e2e534a4f204672656520576966692062792053697477696669:2e2e2e534a4f204672656520576966692062792053697477696669
47415354524f5055425f3435204755455354:47415354524f5055425f3435204755455354:47415354524f5055425f3435204755455354
47415354524f5055425f3435:47415354524f5055425f3435:47415354524f5055425f3435:47415354524f5055425f3435:47415354524f5055425f3435:47415354524f5055425f3435:47415354524f5055425f3435:47415354524f5055425f3435:47415354524f5055425f3435:47415354524f5055425f3435:47415354524f5055425f3435:47415354524f5055425f3435:47415354524f5055425f3435:47415354524f5055425f3435
<MISSING>:<MISSING>:<MISSING>:<MISSING>
2e2e2e534a4f204672656520576966692062792053697477696669:2e2e2e534a4f204672656520576966692062792053697477696669
2e2e2e534a4f204672656520576966692062792053697477696669:2e2e2e534a4f204672656520576966692062792053697477696669:2e2e2e534a4f204672656520576966692062792053697477696669
2e2e2e534a4f204672656520576966692062792053697477696669:2e2e2e534a4f204672656520576966692062792053697477696669:2e2e2e534a4f204672656520576966692062792053697477696669:2e2e2e534a4f204672656520576966692062792053697477696669:2e2e2e534a4f204672656520576966692062792053697477696669
<MISSING>:<MISSING>:<MISSING>:<MISSING>:<MISSING>
<MISSING>:<MISSING>
2e2e2e534a4f204672656520576966692062792053697477696669:2e2e2e534a4f204672656520576966692062792053697477696669
2e2e2e534a4f204672656520576966692062792053697477696669:2e2e2e534a4f204672656520576966692062792053697477696669
<MISSING>:<MISSING>
<MISSING>:<MISSING>
<MISSING>:<MISSING>
<MISSING>:<MISSING>
<MISSING>:<MISSING>:<MISSING>
<MISSING>:<MISSING>:36567935504c4836
47415354524f5055425f3435:47415354524f5055425f3435:47415354524f5055425f3435:47415354524f5055425f3435:47415354524f5055425f3435:47415354524f5055425f3435:47415354524f5055425f3435:47415354524f5055425f3435:47415354524f5055425f3435:47415354524f5055425f3435:47415354524f5055425f3435:47415354524f5055425f3435:47415354524f5055425f3435:47415354524f5055425f3435:47415354524f5055425f3435:47415354524f5055425f3435:47415354524f5055425f3435:47415354524f5055425f3435
47415354524f5055425f3435204755455354:47415354524f5055425f3435204755455354
<MISSING>:<MISSING>:<MISSING>:<MISSING>
<MISSING>:<MISSING>
<MISSING>:<MISSING>
47415354524f5055425f3435204755455354:47415354524f5055425f3435204755455354
<MISSING>:<MISSING>
<MISSING>:<MISSING>:<MISSING>
<MISSING>:<MISSING>
<MISSING>:<MISSING>
<MISSING>:<MISSING>
47415354524f5055425f3435204755455354:47415354524f5055425f3435204755455354
<MISSING>:46616d696c69612043656a612d3547:414952424e42203031:46414d494c494120524f4452694755455a203547:47414d4f:486f74656c20426c7565:495a5a492d35472d44323230:414952424e42203031:46414d494c494120524f4452694755455a203547:486f74656c20426c7565:495a5a492d35472d44323230:4c4147554e4132303734:574946494e48:696e616e65742020322e3230335f455854
<MISSING>:<MISSING>
47415354524f5055425f3435:47415354524f5055425f3435:47415354524f5055425f3435
2e2e2e534a4f204672656520576966692062792053697477696669:2e2e2e534a4f204672656520576966692062792053697477696669
<MISSING>:<MISSING>
47415354524f5055425f3435204755455354:47415354524f5055425f3435204755455354
<MISSING>:<MISSING>
<MISSING>:<MISSING>
<MISSING>:<MISSING>
<MISSING>:<MISSING>
<MISSING>:<MISSING>:<MISSING>
47415354524f5055425f3435204755455354:47415354524f5055425f3435204755455354:47415354524f5055425f3435204755455354:47415354524f5055425f3435204755455354:47415354524f5055425f3435204755455354
<MISSING>:<MISSING>
47415354524f5055425f3435204755455354:47415354524f5055425f3435204755455354
<MISSING>:<MISSING>
<MISSING>:<MISSING>:<MISSING>
<MISSING>:<MISSING>
<MISSING>:<MISSING>
<MISSING>:<MISSING>
<MISSING>:<MISSING>
<MISSING>:<MISSING>
<MISSING>:<MISSING>
<MISSING>:<MISSING>
<MISSING>:<MISSING>
<MISSING>:<MISSING>
<MISSING>:<MISSING>
<MISSING>:<MISSING>
2e2e2e534a4f204672656520576966692062792053697477696669:2e2e2e534a4f204672656520576966692062792053697477696669
<MISSING>:<MISSING>
<MISSING>:<MISSING>:<MISSING>:<MISSING>:5265646d69204e6f7465203131:5265646d69204e6f7465203131:5265646d69204e6f7465203131:5265646d69204e6f7465203131:5265646d69204e6f7465203131
6d6167796172:46616d696c696120426172626f7a61
<MISSING>:<MISSING>
<MISSING>:<MISSING>
<MISSING>:<MISSING>:<MISSING>
<MISSING>:<MISSING>
47415354524f5055425f3435204755455354:47415354524f5055425f3435204755455354:47415354524f5055425f3435204755455354
<MISSING>:<MISSING>
<MISSING>:<MISSING>:<MISSING>
<MISSING>:<MISSING>
<MISSING>:<MISSING>
<MISSING>:<MISSING>:<MISSING>:<MISSING>
<MISSING>:<MISSING>:<MISSING>
<MISSING>:<MISSING>
47415354524f5055425f3435204755455354:47415354524f5055425f3435204755455354
<MISSING>:<MISSING>
<MISSING>:<MISSING>
5265646d69204e6f7465203131:5265646d69204e6f7465203131:5265646d69204e6f7465203131:5265646d69204e6f7465203131
<MISSING>:<MISSING>
<MISSING>:<MISSING>
<MISSING>:<MISSING>
5265646d69204e6f7465203131:5265646d69204e6f7465203131:5265646d69204e6f7465203131:5265646d69204e6f7465203131
<MISSING>:<MISSING>:<MISSING>:<MISSING>
<MISSING>:<MISSING>:<MISSING>
2e2e2e534a4f204672656520576966692062792053697477696669:2e2e2e534a4f204672656520576966692062792053697477696669
47415354524f5055425f3435204755455354:47415354524f5055425f3435204755455354
<MISSING>:<MISSING>
<MISSING>:<MISSING>
2e2e2e534a4f204672656520576966692062792053697477696669:2e2e2e534a4f204672656520576966692062792053697477696669:2e2e2e534a4f204672656520576966692062792053697477696669
<MISSING>:<MISSING>
<MISSING>:<MISSING>
<MISSING>:<MISSING>
53616e74616d617269615f564950:53616e74616d617269615f564950
53616e74616d617269615f564950:53616e74616d617269615f564950
5265646d69204e6f7465203131:5265646d69204e6f7465203131:5265646d69204e6f7465203131
5265646d69204e6f7465203131:5265646d69204e6f7465203131:5265646d69204e6f7465203131
<MISSING>:<MISSING>:<MISSING>
<MISSING>:<MISSING>
<MISSING>:<MISSING>:<MISSING>:<MISSING>
<MISSING>:<MISSING>
<MISSING>:5265646d69204e6f7465203131:5265646d69204e6f7465203131:5265646d69204e6f7465203131
5265646d69204e6f7465203131:5265646d69204e6f7465203131:5265646d69204e6f7465203131:5265646d69204e6f7465203131
<MISSING>:<MISSING>:<MISSING>
5265646d69204e6f7465203131:5265646d69204e6f7465203131
47415354524f5055425f3435204755455354:47415354524f5055425f3435204755455354:47415354524f5055425f3435204755455354
5265646d69204e6f7465203131:5265646d69204e6f7465203131:5265646d69204e6f7465203131:5265646d69204e6f7465203131
<MISSING>:<MISSING>
<MISSING>:<MISSING>:<MISSING>:<MISSING>
<MISSING>:<MISSING>
<MISSING>:<MISSING>
<MISSING>:<MISSING>
5265646d69204e6f7465203131:5265646d69204e6f7465203131:5265646d69204e6f7465203131:5265646d69204e6f7465203131
2e2e2e534a4f204672656520576966692062792053697477696669:2e2e2e534a4f204672656520576966692062792053697477696669
<MISSING>:<MISSING>
<MISSING>:<MISSING>
5265646d69204e6f7465203131:5265646d69204e6f7465203131:5265646d69204e6f7465203131
47415354524f5055425f3435204755455354:47415354524f5055425f3435204755455354
<MISSING>:<MISSING>:5265646d69204e6f7465203131
<MISSING>:<MISSING>
<MISSING>:<MISSING>
<MISSING>:<MISSING>:<MISSING>
<MISSING>:<MISSING>
<MISSING>:<MISSING>
5265646d69204e6f7465203131:5265646d69204e6f7465203131:5265646d69204e6f7465203131:5265646d69204e6f7465203131
<MISSING>:<MISSING>:<MISSING>
47415354524f5055425f3435204755455354:47415354524f5055425f3435204755455354:47415354524f5055425f3435204755455354
<MISSING>:<MISSING>
4449524543542d:4449524543542d:4449524543542d:4449524543542d:4449524543542d:4449524543542d:4449524543542d
4449524543542d:4449524543542d:4449524543542d:4449524543542d:4449524543542d
<MISSING>:<MISSING>
4449524543542d:4449524543542d:4449524543542d
<MISSING>:<MISSING>:<MISSING>:<MISSING>:<MISSING>:<MISSING>:<MISSING>
<MISSING>:<MISSING>
<MISSING>:<MISSING>:<MISSING>
<MISSING>:<MISSING>:<MISSING>:<MISSING>
<MISSING>:<MISSING>
<MISSING>:<MISSING>:<MISSING>:<MISSING>
6970686f6e65:<MISSING>
47415354524f5055425f3435204755455354:47415354524f5055425f3435204755455354
<MISSING>:<MISSING>
5265646d69204e6f7465203131:5265646d69204e6f7465203131:5265646d69204e6f7465203131
<MISSING>:<MISSING>
<MISSING>:<MISSING>
2e2e2e534a4f204672656520576966692062792053697477696669:2e2e2e534a4f204672656520576966692062792053697477696669
<MISSING>:<MISSING>
<MISSING>:<MISSING>
<MISSING>:<MISSING>:<MISSING>:5265646d69204e6f7465203131:5265646d69204e6f7465203131:5265646d69204e6f7465203131
<MISSING>:<MISSING>:<MISSING>:<MISSING>:<MISSING>
5265646d69204e6f7465203131:5265646d69204e6f7465203131
<MISSING>:<MISSING>:<MISSING>
<MISSING>:6a75616e:6a75616e
<MISSING>:5265646d69204e6f7465203131:5265646d69204e6f7465203131:5265646d69204e6f7465203131:5265646d69204e6f7465203131
47415354524f5055425f3435204755455354:47415354524f5055425f3435204755455354
<MISSING>:<MISSING>
<MISSING>:<MISSING>
<MISSING>:<MISSING>
<MISSING>:<MISSING>
5265646d69204e6f7465203131:5265646d69204e6f7465203131:5265646d69204e6f7465203131
2e2e2e534a4f204672656520576966692062792053697477696669:2e2e2e534a4f204672656520576966692062792053697477696669
47415354524f5055425f3435204755455354:47415354524f5055425f3435204755455354:47415354524f5055425f3435204755455354
<MISSING>:<MISSING>
<MISSING>:<MISSING>:<MISSING>
<MISSING>:<MISSING>
<MISSING>:<MISSING>
<MISSING>:<MISSING>
<MISSING>:<MISSING>:<MISSING>:<MISSING>
<MISSING>:<MISSING>
<MISSING>:<MISSING>:<MISSING>:<MISSING>
<MISSING>:<MISSING>:<MISSING>
47415354524f5055425f3435204755455354:47415354524f5055425f3435204755455354
47415354524f5055425f3435204755455354:47415354524f5055425f3435204755455354:47415354524f5055425f3435204755455354
417272696261646157694669:417272696261646157694669
<MISSING>:<MISSING>:<MISSING>
417272696261646157694669:417272696261646157694669
43617361:<MISSING>:43617361:<MISSING>:43617361
<MISSING>:<MISSING>
417272696261646157694669:417272696261646157694669
4361736156696d6172:4361736156696d6172
<MISSING>:<MISSING>
<MISSING>:<MISSING>
<MISSING>:<MISSING>
2e2e2e534a4f204672656520576966692062792053697477696669:2e2e2e534a4f204672656520576966692062792053697477696669
417272696261646157694669:417272696261646157694669
<MISSING>:<MISSING>:<MISSING>:<MISSING>
<MISSING>:<MISSING>
<MISSING>:<MISSING>:<MISSING>:<MISSING>
<MISSING>:<MISSING>
<MISSING>:<MISSING>
2e2e2e534a4f204672656520576966692062792053697477696669:2e2e2e534a4f204672656520576966692062792053697477696669
<MISSING>:<MISSING>:<MISSING>:<MISSING>
<MISSING>:<MISSING>
<MISSING>:<MISSING>:<MISSING>
<MISSING>:<MISSING>
<MISSING>:<MISSING>
<MISSING>:<MISSING>
<MISSING>:<MISSING>
<MISSING>:<MISSING>
2e2e2e534a4f204672656520576966692062792053697477696669:2e2e2e534a4f204672656520576966692062792053697477696669
<MISSING>:<MISSING>
496e76697461646f73204145524953:496e76697461646f73204145524953
<MISSING>:<MISSING>
<MISSING>:<MISSING>:<MISSING>:<MISSING>
2e2e2e534a4f204672656520576966692062792053697477696669:2e2e2e534a4f204672656520576966692062792053697477696669
<MISSING>:<MISSING>
<MISSING>:<MISSING>
<MISSING>:<MISSING>
496e76697461646f73204145524953:496e76697461646f73204145524953:496e76697461646f73204145524953
2e2e2e534a4f204672656520576966692062792053697477696669:2e2e2e534a4f204672656520576966692062792053697477696669
<MISSING>:<MISSING>:<MISSING>:<MISSING>:<MISSING>:<MISSING>
<MISSING>:<MISSING>
2e2e2e534a4f204672656520576966692062792053697477696669:2e2e2e534a4f204672656520576966692062792053697477696669
2e2e2e534a4f204672656520576966692062792053697477696669:2e2e2e534a4f204672656520576966692062792053697477696669
<MISSING>:<MISSING>:<MISSING>:<MISSING>:<MISSING>
<MISSING>:<MISSING>
<MISSING>:<MISSING>
<MISSING>:<MISSING>
<MISSING>:<MISSING>
<MISSING>:<MISSING>
41555249332d554352:<MISSING>
<MISSING>:<MISSING>:<MISSING>:<MISSING>
<MISSING>:<MISSING>:<MISSING>
<MISSING>:<MISSING>
<MISSING>:<MISSING>
2e2e2e534a4f204672656520576966692062792053697477696669:2e2e2e534a4f204672656520576966692062792053697477696669:2e2e2e534a4f204672656520576966692062792053697477696669
<MISSING>:<MISSING>
<MISSING>:<MISSING>
2e2e2e534a4f204672656520576966692062792053697477696669:2e2e2e534a4f204672656520576966692062792053697477696669
2e2e2e534a4f204672656520576966692062792053697477696669:2e2e2e534a4f204672656520576966692062792053697477696669
<MISSING>:<MISSING>:<MISSING>:<MISSING>:<MISSING>:<MISSING>:<MISSING>
<MISSING>:<MISSING>:<MISSING>
<MISSING>:<MISSING>:<MISSING>:<MISSING>:<MISSING>
<MISSING>:<MISSING>
<MISSING>:<MISSING>
<MISSING>:<MISSING>
4d6f766538395f647762:4d6f766538395f647762
2e2e2e534a4f204672656520576966692062792053697477696669:2e2e2e534a4f204672656520576966692062792053697477696669
2e2e2e534a4f204672656520576966692062792053697477696669:2e2e2e534a4f204672656520576966692062792053697477696669
<MISSING>:<MISSING>
<MISSING>:<MISSING>
<MISSING>:<MISSING>
<MISSING>:<MISSING>
<MISSING>:<MISSING>
2e2e2e534a4f204672656520576966692062792053697477696669:2e2e2e534a4f204672656520576966692062792053697477696669
2e2e2e534a4f204672656520576966692062792053697477696669:2e2e2e534a4f204672656520576966692062792053697477696669:2e2e2e534a4f204672656520576966692062792053697477696669:2e2e2e534a4f204672656520576966692062792053697477696669
<MISSING>:<MISSING>
<MISSING>:<MISSING>
<MISSING>:<MISSING>
<MISSING>:<MISSING>
2e2e2e534a4f204672656520576966692062792053697477696669:2e2e2e534a4f204672656520576966692062792053697477696669
<MISSING>:<MISSING>:<MISSING>:<MISSING>
<MISSING>:<MISSING>:<MISSING>
<MISSING>:<MISSING>
<MISSING>:<MISSING>
<MISSING>:<MISSING>
<MISSING>:<MISSING>
41555249332d554352:<MISSING>
<MISSING>:<MISSING>
416f696665e2809973206950686f6e65:416f696665e2809973206950686f6e65
<MISSING>:<MISSING>
<MISSING>:<MISSING>
<MISSING>:<MISSING>:<MISSING>:<MISSING>:<MISSING>:<MISSING>
<MISSING>:<MISSING>
2e2e2e534a4f204672656520576966692062792053697477696669:2e2e2e534a4f204672656520576966692062792053697477696669
2e2e2e534a4f204672656520576966692062792053697477696669:2e2e2e534a4f204672656520576966692062792053697477696669
2e2e2e534a4f204672656520576966692062792053697477696669:2e2e2e534a4f204672656520576966692062792053697477696669:2e2e2e534a4f204672656520576966692062792053697477696669
<MISSING>:<MISSING>
363332332d42594f442d4d444d:<MISSING>:363332332d42594f442d4d444d
<MISSING>:<MISSING>
<MISSING>:<MISSING>
2e2e2e534a4f204672656520576966692062792053697477696669:2e2e2e534a4f204672656520576966692062792053697477696669:2e2e2e534a4f204672656520576966692062792053697477696669:2e2e2e534a4f204672656520576966692062792053697477696669
<MISSING>:<MISSING>
2e2e2e534a4f204672656520576966692062792053697477696669:2e2e2e534a4f204672656520576966692062792053697477696669
<MISSING>:<MISSING>
<MISSING>:<MISSING>
<MISSING>:<MISSING>
<MISSING>:<MISSING>
4169724672616e6365434f4e4e454354:4169724672616e6365434f4e4e454354:4169724672616e6365434f4e4e454354:4169724672616e6365434f4e4e454354:4169724672616e6365434f4e4e454354:4169724672616e6365434f4e4e454354:4169724672616e6365434f4e4e454354:4169724672616e6365434f4e4e454354:4169724672616e6365434f4e4e454354:4169724672616e6365434f4e4e454354:4169724672616e6365434f4e4e454354:4169724672616e6365434f4e4e454354
<MISSING>:<MISSING>
<MISSING>:<MISSING>
<MISSING>:<MISSING>
<MISSING>:<MISSING>
2e2e2e5072656d69756d5f576946695f62795f53697477696669:2e2e2e5072656d69756d5f576946695f62795f53697477696669
4169724672616e6365434f4e4e454354:4169724672616e6365434f4e4e454354:4169724672616e6365434f4e4e454354:4169724672616e6365434f4e4e454354
2e2e2e534a4f204672656520576966692062792053697477696669:2e2e2e534a4f204672656520576966692062792053697477696669
<MISSING>:<MISSING>
<MISSING>:<MISSING>
<MISSING>:<MISSING>
2e2e2e534a4f204672656520576966692062792053697477696669:2e2e2e534a4f204672656520576966692062792053697477696669:2e2e2e534a4f204672656520576966692062792053697477696669
2e2e2e534a4f204672656520576966692062792053697477696669:2e2e2e534a4f204672656520576966692062792053697477696669
<MISSING>:<MISSING>
<MISSING>:<MISSING>
<MISSING>:<MISSING>
<MISSING>:<MISSING>
<MISSING>:<MISSING>:<MISSING>
2e2e2e534a4f204672656520576966692062792053697477696669:2e2e2e534a4f204672656520576966692062792053697477696669
<MISSING>:<MISSING>:<MISSING>
2e2e2e534a4f204672656520576966692062792053697477696669:2e2e2e534a4f204672656520576966692062792053697477696669
<MISSING>:<MISSING>
<MISSING>:<MISSING>
<MISSING>:<MISSING>:<MISSING>
<MISSING>:<MISSING>
2e2e2e534a4f204672656520576966692062792053697477696669:2e2e2e534a4f204672656520576966692062792053697477696669:2e2e2e534a4f204672656520576966692062792053697477696669
2e2e2e534a4f204672656520576966692062792053697477696669:2e2e2e534a4f204672656520576966692062792053697477696669:2e2e2e534a4f204672656520576966692062792053697477696669:2e2e2e534a4f204672656520576966692062792053697477696669
2e2e2e534a4f204672656520576966692062792053697477696669:2e2e2e534a4f204672656520576966692062792053697477696669:2e2e2e534a4f204672656520576966692062792053697477696669
2e2e2e534a4f204672656520576966692062792053697477696669:2e2e2e534a4f204672656520576966692062792053697477696669
<MISSING>:<MISSING>
2e2e2e534a4f204672656520576966692062792053697477696669:2e2e2e534a4f204672656520576966692062792053697477696669
2e2e2e534a4f204672656520576966692062792053697477696669:2e2e2e534a4f204672656520576966692062792053697477696669
<MISSING>:<MISSING>
<MISSING>:<MISSING>:<MISSING>
<MISSING>:<MISSING>
<MISSING>:<MISSING>
<MISSING>:<MISSING>
56414e4e45534953:485541574549205038206c6974652032303137:4f72717569646561732057694669:42626f782d3645414442303646:56414e4e45534953:485541574549205038206c6974652032303137:4f72717569646561732057694669:42626f782d3645414442303646:566f6461666f6e65436f737941706172746d656e74:7377697463685f4536423831433031303045:76697275732e657865:<MISSING>:485541574549205038206c6974652032303137:7377697463685f4536423831433031303045:76697275732e657865
<MISSING>:<MISSING>
<MISSING>:<MISSING>
4d6f76697374617246696272612d3547487a2d373536374338:4d6f76697374617246696272612d373536374338:<MISSING>:4d6f76697374617246696272612d3547487a2d373536374338:4d6f76697374617246696272612d373536374338:<MISSING>:4d6f76697374617246696272612d373536374338:<MISSING>:4d6f76697374617246696272612d3547487a2d373536374338:4d6f76697374617246696272612d373536374338:<MISSING>:4d6f76697374617246696272612d3547487a2d373536374338:4d6f76697374617246696272612d373536374338:4d6f76697374617246696272612d3547487a2d373536374338:4d6f76697374617246696272612d373536374338:<MISSING>
2e2e2e534a4f204672656520576966692062792053697477696669:2e2e2e534a4f204672656520576966692062792053697477696669
<MISSING>:<MISSING>
4d6f766538395f647762:4d6f766538395f647762
<MISSING>:<MISSING>
2e2e2e534a4f204672656520576966692062792053697477696669:2e2e2e534a4f204672656520576966692062792053697477696669
<MISSING>:<MISSING>
<MISSING>:<MISSING>
<MISSING>:<MISSING>
<MISSING>:<MISSING>
<MISSING>:<MISSING>
2e2e2e534a4f204672656520576966692062792053697477696669:2e2e2e534a4f204672656520576966692062792053697477696669
<MISSING>:<MISSING>
<MISSING>:<MISSING>
<MISSING>:<MISSING>
2e2e2e534a4f204672656520576966692062792053697477696669:2e2e2e534a4f204672656520576966692062792053697477696669
<MISSING>:<MISSING>
2e2e2e534a4f204672656520576966692062792053697477696669:2e2e2e534a4f204672656520576966692062792053697477696669
<MISSING>:<MISSING>
<MISSING>:56414e4e45534953:485541574549205038206c6974652032303137:7377697463685f4536423831433031303045:76697275732e657865:<MISSING>:<MISSING>:56414e4e45534953:485541574549205038206c6974652032303137:4f72717569646561732057694669:42626f782d3645414442303646:464153545745422d444145354433:566f6461666f6e65436f737941706172746d656e74:76697275732e657865:42626f782d3645414442303646:56414e4e45534953:485541574549205038206c6974652032303137:4f72717569646561732057694669:42626f782d3645414442303646:464153545745422d444145354433:46726565626f782d304336353238:566f6461666f6e65436f737941706172746d656e74:7377697463685f4536423831433031303045:76697275732e657865
<MISSING>:<MISSING>
<MISSING>:<MISSING>
<MISSING>:<MISSING>
<MISSING>:<MISSING>
2e2e2e534a4f204672656520576966692062792053697477696669:2e2e2e534a4f204672656520576966692062792053697477696669:2e2e2e534a4f204672656520576966692062792053697477696669
2e2e2e534a4f204672656520576966692062792053697477696669:2e2e2e534a4f204672656520576966692062792053697477696669:2e2e2e534a4f204672656520576966692062792053697477696669:2e2e2e534a4f204672656520576966692062792053697477696669
41464b4c4d2057696669:41464b4c4d2057696669
<MISSING>:<MISSING>
2e2e2e534a4f204672656520576966692062792053697477696669:2e2e2e534a4f204672656520576966692062792053697477696669:2e2e2e534a4f204672656520576966692062792053697477696669
2e2e2e534a4f204672656520576966692062792053697477696669:2e2e2e534a4f204672656520576966692062792053697477696669
2e2e2e534a4f204672656520576966692062792053697477696669:2e2e2e534a4f204672656520576966692062792053697477696669
2e2e2e534a4f204672656520576966692062792053697477696669:2e2e2e534a4f204672656520576966692062792053697477696669
2e2e2e534a4f204672656520576966692062792053697477696669:2e2e2e534a4f204672656520576966692062792053697477696669
2e2e2e534a4f204672656520576966692062792053697477696669:2e2e2e534a4f204672656520576966692062792053697477696669
<MISSING>:<MISSING>
<MISSING>:<MISSING>
<MISSING>:<MISSING>
4d6f766538395f647762:4d6f766538395f647762
2e2e2e534a4f204672656520576966692062792053697477696669:2e2e2e534a4f204672656520576966692062792053697477696669:2e2e2e534a4f204672656520576966692062792053697477696669:2e2e2e534a4f204672656520576966692062792053697477696669:2e2e2e534a4f204672656520576966692062792053697477696669:2e2e2e534a4f204672656520576966692062792053697477696669:2e2e2e534a4f204672656520576966692062792053697477696669
<MISSING>:<MISSING>
<MISSING>:<MISSING>
42626f782d3645414442303646:46726565626f782d304336353238:566f6461666f6e65436f737941706172746d656e74:76697275732e657865:56414e4e45534953:485541574549205038206c6974652032303137
76697275732e657865:56414e4e45534953:42626f782d3645414442303646
4c697665626f782d35463730:4c697665626f782d36453130:4c697665626f782d38424530:<MISSING>
<MISSING>:<MISSING>
2e2e2e5072656d69756d5f576946695f62795f53697477696669:2e2e2e5072656d69756d5f576946695f62795f53697477696669
<MISSING>:<MISSING>:<MISSING>:<MISSING>
<MISSING>:<MISSING>:<MISSING>
<MISSING>:<MISSING>:<MISSING>
<MISSING>:<MISSING>:<MISSING>:<MISSING>
<MISSING>:<MISSING>
<MISSING>:<MISSING>
<MISSING>:<MISSING>
6d6f746f20672035475f34383339:<MISSING>
2e2e2e534a4f204672656520576966692062792053697477696669:2e2e2e534a4f204672656520576966692062792053697477696669:2e2e2e534a4f204672656520576966692062792053697477696669:2e2e2e534a4f204672656520576966692062792053697477696669
<MISSING>:<MISSING>
2e2e2e534a4f204672656520576966692062792053697477696669:2e2e2e534a4f204672656520576966692062792053697477696669:2e2e2e534a4f204672656520576966692062792053697477696669:2e2e2e534a4f204672656520576966692062792053697477696669
<MISSING>:<MISSING>
<MISSING>:<MISSING>
2e2e2e534a4f204672656520576966692062792053697477696669:2e2e2e534a4f204672656520576966692062792053697477696669
<MISSING>:<MISSING>
<MISSING>:<MISSING>:<MISSING>
<MISSING>:<MISSING>
<MISSING>:<MISSING>
4169724672616e6365434f4e4e454354:4169724672616e6365434f4e4e454354
2e2e2e534a4f204672656520576966692062792053697477696669:2e2e2e534a4f204672656520576966692062792053697477696669
<MISSING>:<MISSING>:<MISSING>:<MISSING>:<MISSING>:<MISSING>
<MISSING>:<MISSING>
2e2e2e534a4f204672656520576966692062792053697477696669:2e2e2e534a4f204672656520576966692062792053697477696669:2e2e2e534a4f204672656520576966692062792053697477696669:2e2e2e534a4f204672656520576966692062792053697477696669:2e2e2e534a4f204672656520576966692062792053697477696669:2e2e2e534a4f204672656520576966692062792053697477696669:2e2e2e534a4f204672656520576966692062792053697477696669:2e2e2e534a4f204672656520576966692062792053697477696669:2e2e2e534a4f204672656520576966692062792053697477696669:2e2e2e534a4f204672656520576966692062792053697477696669:2e2e2e534a4f204672656520576966692062792053697477696669:2e2e2e534a4f204672656520576966692062792053697477696669:2e2e2e534a4f204672656520576966692062792053697477696669:2e2e2e534a4f204672656520576966692062792053697477696669:2e2e2e534a4f204672656520576966692062792053697477696669
<MISSING>:<MISSING>
<MISSING>:<MISSING>
<MISSING>:<MISSING>
2e2e2e534a4f204672656520576966692062792053697477696669:2e2e2e534a4f204672656520576966692062792053697477696669
<MISSING>:<MISSING>
<MISSING>:<MISSING>
<MISSING>:<MISSING>
435057:574143412d496e7465726e6574:436162696e4372657757694669:<MISSING>:435057:574143412d496e7465726e6574:436162696e4372657757694669:<MISSING>
415248204775657374:415248204775657374
2e2e2e534a4f204672656520576966692062792053697477696669:2e2e2e534a4f204672656520576966692062792053697477696669
<MISSING>:<MISSING>
<MISSING>:<MISSING>:<MISSING>
<MISSING>:<MISSING>
<MISSING>:<MISSING>
4349454c4f:<MISSING>
<MISSING>:<MISSING>
<MISSING>:<MISSING>:<MISSING>:<MISSING>
<MISSING>:<MISSING>
<MISSING>:<MISSING>
<MISSING>:<MISSING>
<MISSING>:<MISSING>
<MISSING>:<MISSING>
<MISSING>:<MISSING>
<MISSING>:<MISSING>
<MISSING>:<MISSING>
<MISSING>:<MISSING>
<MISSING>:<MISSING>
<MISSING>:7369656d707265776966692d333438393535:<MISSING>:6e657467656172:7369656d707265776966692d333438393535:7369656d707265776966692d333438393535:<MISSING>:6e657467656172:<MISSING>:6e657467656172:7369656d707265776966692d333438393535
<MISSING>:<MISSING>
<MISSING>:<MISSING>:<MISSING>:<MISSING>
<MISSING>:<MISSING>
4349454c4f:<MISSING>
<MISSING>:<MISSING>
<MISSING>:<MISSING>
<MISSING>:<MISSING>:<MISSING>
<MISSING>:<MISSING>
<MISSING>:<MISSING>
<MISSING>:<MISSING>:<MISSING>
<MISSING>:<MISSING>
<MISSING>:<MISSING>
<MISSING>:<MISSING>
<MISSING>:<MISSING>
<MISSING>:<MISSING>
<MISSING>:<MISSING>
4349454c4f:<MISSING>:<MISSING>:<MISSING>:4349454c4f
<MISSING>:<MISSING>
<MISSING>:<MISSING>:<MISSING>:<MISSING>:<MISSING>:<MISSING>
4349454c4f:4349454c4f:<MISSING>:4349454c4f:4349454c4f:<MISSING>:4349454c4f:4349454c4f:4349454c4f
<MISSING>:<MISSING>
<MISSING>:<MISSING>:<MISSING>:<MISSING>:<MISSING>
<MISSING>:446965676f:74706c696e6b
4169724672616e6365434f4e4e454354:4169724672616e6365434f4e4e454354
4169724672616e6365434f4e4e454354:4169724672616e6365434f4e4e454354
<MISSING>:<MISSING>:<MISSING>
<MISSING>:<MISSING>:<MISSING>:<MISSING>:<MISSING>:<MISSING>:<MISSING>:<MISSING>:<MISSING>:<MISSING>
<MISSING>:<MISSING>
<MISSING>:<MISSING>:<MISSING>
<MISSING>:<MISSING>
<MISSING>:<MISSING>
<MISSING>:<MISSING>
<MISSING>:<MISSING>
<MISSING>:<MISSING>
<MISSING>:43617361204f727175696465612031323030
<MISSING>:<MISSING>
<MISSING>:<MISSING>
<MISSING>:<MISSING>:<MISSING>
<MISSING>:<MISSING>
5377697373636f6d5f4175746f5f4c6f67696e:<MISSING>:5377697373636f6d5f4175746f5f4c6f67696e:<MISSING>
<MISSING>:<MISSING>
<MISSING>:<MISSING>
<MISSING>:<MISSING>
<MISSING>:<MISSING>:<MISSING>:<MISSING>
<MISSING>:<MISSING>
4d6f76697374617246696272612d3547487a2d373536374338:<MISSING>
2e2e2e534a4f204672656520576966692062792053697477696669:2e2e2e534a4f204672656520576966692062792053697477696669
435057:574143412d496e7465726e6574:47616c617879204d3331
<MISSING>:<MISSING>
<MISSING>:<MISSING>
<MISSING>:<MISSING>
<MISSING>:<MISSING>:<MISSING>:<MISSING>:<MISSING>:<MISSING>:<MISSING>
<MISSING>:<MISSING>:<MISSING>
<MISSING>:<MISSING>
<MISSING>:43617361204f727175696465612031323030
<MISSING>:<MISSING>
435057:574143412d496e7465726e6574:436162696e4372657757694669:<MISSING>:574143412d496e7465726e6574:<MISSING>
<MISSING>:<MISSING>
<MISSING>:<MISSING>
<MISSING>:<MISSING>
<MISSING>:<MISSING>
4169724672616e6365434f4e4e454354:4169724672616e6365434f4e4e454354
<MISSING>:<MISSING>
4169724672616e6365434f4e4e454354:4169724672616e6365434f4e4e454354
<MISSING>:<MISSING>
<MISSING>:<MISSING>
<MISSING>:4349454c4f:<MISSING>
<MISSING>:<MISSING>
<MISSING>:<MISSING>
313339:48414220313339:48414220313339:<MISSING>:313339:48414220313339:<MISSING>:313339:48414220313339
<MISSING>:<MISSING>
<MISSING>:4349454c4f:4349454c4f:<MISSING>:<MISSING>:4349454c4f:<MISSING>:4349454c4f:<MISSING>
<MISSING>:<MISSING>
<MISSING>:<MISSING>:<MISSING>:<MISSING>:<MISSING>
<MISSING>:<MISSING>
<MISSING>:<MISSING>:<MISSING>
<MISSING>:<MISSING>
435057:574143412d496e7465726e6574:574143412d496e7465726e6574:<MISSING>
4d6f6d69615f3547:46616d696c696120426172626f7a61
4169724672616e6365434f4e4e454354:4169724672616e6365434f4e4e454354
<MISSING>:<MISSING>
<MISSING>:<MISSING>
<MISSING>:313339:48414220313339:<MISSING>:313339:48414220313339:<MISSING>:313339:48414220313339
<MISSING>:<MISSING>
<MISSING>:<MISSING>:<MISSING>:<MISSING>:<MISSING>
<MISSING>:<MISSING>
<MISSING>:<MISSING>
<MISSING>:<MISSING>
5669746120436166c3a9:5669746120436166c3a9
<MISSING>:<MISSING>
<MISSING>:<MISSING>
<MISSING>:<MISSING>
<MISSING>:<MISSING>
<MISSING>:<MISSING>
<MISSING>:<MISSING>
<MISSING>:<MISSING>
<MISSING>:<MISSING>
4169724672616e6365434f4e4e454354:4169724672616e6365434f4e4e454354
<MISSING>:<MISSING>
<MISSING>:<MISSING>
4349454c4f:<MISSING>:4349454c4f:<MISSING>:4349454c4f
<MISSING>:<MISSING>:<MISSING>:<MISSING>
<MISSING>:<MISSING>
<MISSING>:<MISSING>
<MISSING>:<MISSING>
<MISSING>:<MISSING>
<MISSING>:<MISSING>
<MISSING>:<MISSING>
<MISSING>:<MISSING>
<MISSING>:<MISSING>
<MISSING>:<MISSING>
<MISSING>:<MISSING>
<MISSING>:<MISSING>:<MISSING>:<MISSING>
<MISSING>:<MISSING>
<MISSING>:<MISSING>
<MISSING>:<MISSING>
<MISSING>:<MISSING>
<MISSING>:<MISSING>
<MISSING>:<MISSING>
<MISSING>:313339:48414220313339:<MISSING>:48414220313339:<MISSING>:313339:48414220313339:313339
<MISSING>:<MISSING>:<MISSING>:<MISSING>
<MISSING>:<MISSING>
<MISSING>:<MISSING>:<MISSING>:<MISSING>:<MISSING>
<MISSING>:<MISSING>
<MISSING>:<MISSING>
<MISSING>:<MISSING>:<MISSING>
<MISSING>:<MISSING>:<MISSING>:<MISSING>:<MISSING>
<MISSING>:<MISSING>
<MISSING>:<MISSING>
<MISSING>:<MISSING>
5669746120436166c3a9:5669746120436166c3a9
<MISSING>:<MISSING>
<MISSING>:<MISSING>
<MISSING>:<MISSING>
<MISSING>:<MISSING>
<MISSING>:<MISSING>
<MISSING>:<MISSING>
<MISSING>:<MISSING>
<MISSING>:<MISSING>
<MISSING>:<MISSING>
<MISSING>:<MISSING>
<MISSING>:<MISSING>:<MISSING>:<MISSING>:<MISSING>:<MISSING>
<MISSING>:<MISSING>:<MISSING>
<MISSING>:4349454c4f:<MISSING>:4349454c4f:<MISSING>:4349454c4f:<MISSING>:4349454c4f:<MISSING>
<MISSING>:<MISSING>
<MISSING>:<MISSING>
<MISSING>:<MISSING>
<MISSING>:<MISSING>
<MISSING>:<MISSING>
<MISSING>:<MISSING>
<MISSING>:<MISSING>
<MISSING>:4349454c4f:4349454c4f:<MISSING>:4349454c4f:4349454c4f:<MISSING>:4349454c4f:<MISSING>
<MISSING>:<MISSING>
<MISSING>:<MISSING>
6d6f746f20672035475f34383339:<MISSING>
4d6f766538395f647762:4d6f766538395f647762
4169724672616e6365434f4e4e454354:4169724672616e6365434f4e4e454354:4169724672616e6365434f4e4e454354
<MISSING>:<MISSING>
<MISSING>:<MISSING>
<MISSING>:<MISSING>
<MISSING>:<MISSING>
435057:574143412d496e7465726e6574:436162696e4372657757694669:<MISSING>:435057:574143412d496e7465726e6574
<MISSING>:414952424e42203031:46414d494c494120524f4452694755455a203547:47414d4f:486f74656c20426c7565:495a5a492d35472d44323230:4c4147554e4132303734:4c6976696e54686550757261566964615f3547:574946494e48:696e616e65742020322e323033:696e616e65742020322e3230335f455854:6d6f746f726f6c6120656467652032302070726f5f34383234:46616d696c69612043656a612d3547:414952424e42203031
574143412d496e7465726e6574:<MISSING>:<MISSING>:574143412d496e7465726e6574:<MISSING>:<MISSING>:574143412d496e7465726e6574:<MISSING>
<MISSING>:<MISSING>:<MISSING>:<MISSING>
2e2e2e534a4f204672656520576966692062792053697477696669:2e2e2e534a4f204672656520576966692062792053697477696669:2e2e2e534a4f204672656520576966692062792053697477696669:2e2e2e534a4f204672656520576966692062792053697477696669
<MISSING>:<MISSING>
<MISSING>:<MISSING>:<MISSING>:<MISSING>:<MISSING>
<MISSING>:<MISSING>:<MISSING>
<MISSING>:414952424e42203031:46414d494c494120524f4452694755455a203547:47414d4f:486f74656c20426c7565:495a5a492d35472d44323230:4c4147554e4132303734:4c6976696e54686550757261566964615f3547:574946494e48:696e616e65742020322e323033:696e616e65742020322e3230335f455854:6d6f746f726f6c6120656467652032302070726f5f34383234
4d6f766538395f647762:4d6f766538395f647762
<MISSING>:<MISSING>
<MISSING>:<MISSING>
<MISSING>:<MISSING>
<MISSING>:<MISSING>
<MISSING>:<MISSING>
<MISSING>:<MISSING>
<MISSING>:313339:48414220313339:<MISSING>:313339:48414220313339
<MISSING>:<MISSING>
<MISSING>:<MISSING>
4349454c4f:<MISSING>:4349454c4f
<MISSING>:<MISSING>
<MISSING>:<MISSING>
4d6167796172:46616d696c696120426172626f7a61:6d6167796172:<MISSING>
<MISSING>:<MISSING>:<MISSING>
<MISSING>:<MISSING>
<MISSING>:<MISSING>
<MISSING>:<MISSING>
<MISSING>:<MISSING>
<MISSING>:<MISSING>
<MISSING>:<MISSING>:<MISSING>
<MISSING>:<MISSING>
<MISSING>:504c55534e45544d4a542d46584e:504c55534e4554202d204d4a5446584e
<MISSING>:<MISSING>
<MISSING>:<MISSING>
<MISSING>:<MISSING>
<MISSING>:<MISSING>
<MISSING>:<MISSING>
<MISSING>:<MISSING>
<MISSING>:313339:48414220313339:<MISSING>
<MISSING>:<MISSING>
<MISSING>:<MISSING>:<MISSING>
<MISSING>:<MISSING>
<MISSING>:<MISSING>
4349454c4f:<MISSING>:4349454c4f
<MISSING>:<MISSING>
6950686f6e65204446:6950686f6e65204446:6950686f6e65204446:6950686f6e65204446
<MISSING>:4d656c696e4576656e7473
<MISSING>:<MISSING>
4d6f6d69615f3547:46756c696b65:6d6167796172
<MISSING>:<MISSING>
<MISSING>:<MISSING>
<MISSING>:5253434150452056494c4c4153:636875626173636f73:<MISSING>:5253434150452056494c4c4153:636875626173636f73:<MISSING>:5253434150452056494c4c4153
<MISSING>:<MISSING>:<MISSING>
46756c696b65:<MISSING>:46616d696c696120426172626f7a61:46756c696b65:6d6167796172
<MISSING>:792d444f5146692d73755e233239502b71373f50735a4d5529435968783f59:4169724672616e6365434f4e4e454354008f:4169724672616e6365434f4e4e454354:<MISSING>:792d444f5146692d73755e233239502b71373f50735a4d5529435968783f59:4169724672616e6365434f4e4e454354008f:4169724672616e6365434f4e4e454354:<MISSING>:792d444f5146692d73755e233239502b71373f50735a4d5529435968783f59:4169724672616e6365434f4e4e454354008f:4169724672616e6365434f4e4e454354:<MISSING>:792d444f5146692d73755e233239502b71373f50735a4d5529435968783f59:4169724672616e6365434f4e4e454354008f:4169724672616e6365434f4e4e454354
4349454c4f:<MISSING>
<MISSING>:<MISSING>
<MISSING>:<MISSING>
6d6f746f20672035475f34383339:<MISSING>
<MISSING>:<MISSING>:<MISSING>:<MISSING>:<MISSING>
<MISSING>:<MISSING>
<MISSING>:<MISSING>
<MISSING>:5253434150452056494c4c4153:636875626173636f73:<MISSING>:5253434150452056494c4c4153
4349454c4f:<MISSING>:4349454c4f:<MISSING>:4349454c4f:<MISSING>
<MISSING>:<MISSING>
<MISSING>:<MISSING>
<MISSING>:<MISSING>
<MISSING>:<MISSING>
<MISSING>:<MISSING>
<MISSING>:<MISSING>
<MISSING>:<MISSING>
<MISSING>:<MISSING>
4349454c4f:<MISSING>
<MISSING>:<MISSING>
4d6f766538395f647762:4d6f766538395f647762
<MISSING>:<MISSING>
6e657467656172:<MISSING>:6e657467656172
<MISSING>:<MISSING>
<MISSING>:<MISSING>
<MISSING>:<MISSING>
6d6170616368655f3567:616d65726963616e206169726c696e6573
<MISSING>:<MISSING>
<MISSING>:<MISSING>
<MISSING>:<MISSING>
<MISSING>:<MISSING>
56696c6c61203720262038:616d65726963616e206169726c696e6573:676f66697368:6d6170616368655f3567:56696c6c61203720262038:616d65726963616e206169726c696e6573
<MISSING>:<MISSING>:<MISSING>:<MISSING>
574946494e48:696e616e65742020322e323033:696e616e65742020322e3230335f455854:6d6f746f726f6c6120656467652032302070726f5f34383234
<MISSING>:<MISSING>
<MISSING>:<MISSING>
504c55534e45542d4d4a5458464e:<MISSING>:4d656c696e4576656e7473:504c55534e45542d4d4a5458464e
<MISSING>:<MISSING>
4d6f6d69615f3547:4d6167796172:46756c696b65
<MISSING>:<MISSING>:<MISSING>:<MISSING>:<MISSING>
<MISSING>:<MISSING>
<MISSING>:<MISSING>:<MISSING>:<MISSING>:<MISSING>:<MISSING>:<MISSING>
<MISSING>:<MISSING>
<MISSING>:<MISSING>
4361736156696d6172:4361736156696d6172
<MISSING>:<MISSING>
<MISSING>:<MISSING>
<MISSING>:<MISSING>
53555045524e4f56412d3547:53555045524e4f56412d3547
53757065726e6f76612d4775657374:53757065726e6f76612d4775657374
4349454c4f:4349454c4f
<MISSING>:6d6f746f20672035475f34383339:<MISSING>:6d6f746f20672035475f34383339:<MISSING>:6d6f746f20672035475f34383339:<MISSING>
<MISSING>:<MISSING>
<MISSING>:<MISSING>
<MISSING>:<MISSING>
<MISSING>:<MISSING>
<MISSING>:<MISSING>
<MISSING>:<MISSING>
2e2e2e534a4f204672656520576966692062792053697477696669:2e2e2e534a4f204672656520576966692062792053697477696669
<MISSING>:<MISSING>
<MISSING>:<MISSING>:<MISSING>
<MISSING>:<MISSING>
<MISSING>:<MISSING>
<MISSING>:<MISSING>
<MISSING>:<MISSING>
646b783378686653784664:6e656e6974656c6c6f3431:c2a150686f6e652038:<MISSING>:6e656e6974656c6c6f3431:<MISSING>:636972636133393030:646b783378686653784664:c2a150686f6e652038:<MISSING>:c2a150686f6e652038
<MISSING>:<MISSING>
<MISSING>:<MISSING>
<MISSING>:<MISSING>
<MISSING>:<MISSING>
<MISSING>:<MISSING>:<MISSING>:<MISSING>:<MISSING>
<MISSING>:<MISSING>
<MISSING>:<MISSING>
<MISSING>:<MISSING>
<MISSING>:<MISSING>
<MISSING>:<MISSING>
<MISSING>:<MISSING>:<MISSING>:<MISSING>:<MISSING>
<MISSING>:<MISSING>
<MISSING>:<MISSING>
<MISSING>:<MISSING>
<MISSING>:<MISSING>:<MISSING>
3130344e4554545f3547:416c7469626f783836373134325f3547:<MISSING>:3130344e4554545f3547:<MISSING>:3130344e4554545f3547:<MISSING>:3130344e4554545f3547
<MISSING>:<MISSING>:<MISSING>
<MISSING>:<MISSING>
<MISSING>:<MISSING>
<MISSING>:<MISSING>
4349454c4f:<MISSING>
<MISSING>:4349454c4f:<MISSING>:4349454c4f:<MISSING>
<MISSING>:446965676f:74706c696e6b:74706c696e6b
<MISSING>:<MISSING>
<MISSING>:<MISSING>
6d6f746f20672035475f34383339:<MISSING>
<MISSING>:<MISSING>
<MISSING>:<MISSING>
<MISSING>:<MISSING>
<MISSING>:<MISSING>
<MISSING>:<MISSING>
<MISSING>:<MISSING>:<MISSING>
<MISSING>:<MISSING>
<MISSING>:<MISSING>
<MISSING>:<MISSING>
<MISSING>:<MISSING>
<MISSING>:<MISSING>
<MISSING>:<MISSING>
<MISSING>:<MISSING>
<MISSING>:<MISSING>
<MISSING>:<MISSING>:<MISSING>:<MISSING>
<MISSING>:<MISSING>
<MISSING>:<MISSING>:<MISSING>
<MISSING>:<MISSING>
<MISSING>:<MISSING>:<MISSING>:<MISSING>:<MISSING>:<MISSING>:<MISSING>
<MISSING>:<MISSING>
<MISSING>:<MISSING>
<MISSING>:<MISSING>:<MISSING>:<MISSING>
<MISSING>:<MISSING>
<MISSING>:<MISSING>
<MISSING>:<MISSING>
4349454c4f:4349454c4f:4349454c4f:<MISSING>:4349454c4f:4349454c4f
<MISSING>:<MISSING>
<MISSING>:<MISSING>
<MISSING>:<MISSING>
<MISSING>:<MISSING>
<MISSING>:<MISSING>
<MISSING>:<MISSING>
4169724672616e6365434f4e4e454354:4169724672616e6365434f4e4e454354
574143412d496e7465726e6574:<MISSING>
<MISSING>:<MISSING>
4349454c4f:<MISSING>:4349454c4f:<MISSING>
<MISSING>:<MISSING>
<MISSING>:<MISSING>:<MISSING>:<MISSING>:<MISSING>
<MISSING>:<MISSING>
<MISSING>:<MISSING>:<MISSING>
<MISSING>:<MISSING>
<MISSING>:<MISSING>
<MISSING>:<MISSING>
<MISSING>:<MISSING>
<MISSING>:<MISSING>
<MISSING>:<MISSING>
<MISSING>:<MISSING>
<MISSING>:<MISSING>
<MISSING>:<MISSING>:<MISSING>:<MISSING>:<MISSING>
<MISSING>:<MISSING>
6d6f746f20672035475f34383339:<MISSING>
<MISSING>:<MISSING>:<MISSING>:<MISSING>
36567935504c4836:6970686f6e65:<MISSING>:36567935504c4836:6970686f6e65:6970686f6e65:<MISSING>:<MISSING>:36567935504c4836
<MISSING>:<MISSING>
<MISSING>:<MISSING>:<MISSING>:<MISSING>
<MISSING>:<MISSING>
<MISSING>:<MISSING>
3130344e4554545f3547:416c7469626f783836373134325f3547:<MISSING>:3130344e4554545f3547:<MISSING>:3130344e4554545f3547
<MISSING>:<MISSING>:56696c6c61203720262038:616d65726963616e206169726c696e6573:676f66697368
<MISSING>:<MISSING>:<MISSING>
<MISSING>:<MISSING>
2e2e2e534a4f204672656520576966692062792053697477696669:2e2e2e534a4f204672656520576966692062792053697477696669
6d6f746f20672035475f34383339:<MISSING>:6d6f746f20672035475f34383339:<MISSING>
5377697373636f6d5f4175746f5f4c6f67696e:<MISSING>:<MISSING>
<MISSING>:<MISSING>
<MISSING>:<MISSING>
<MISSING>:<MISSING>
<MISSING>:<MISSING>
<MISSING>:<MISSING>
<MISSING>:<MISSING>
<MISSING>:<MISSING>:<MISSING>:<MISSING>:<MISSING>:<MISSING>:<MISSING>
<MISSING>:<MISSING>
<MISSING>:<MISSING>
<MISSING>:<MISSING>:<MISSING>
<MISSING>:<MISSING>
<MISSING>:<MISSING>:<MISSING>:<MISSING>:<MISSING>
<MISSING>:<MISSING>
<MISSING>:<MISSING>:<MISSING>
4169724672616e6365434f4e4e454354:4169724672616e6365434f4e4e454354
<MISSING>:<MISSING>
<MISSING>:<MISSING>
<MISSING>:<MISSING>
<MISSING>:<MISSING>
<MISSING>:<MISSING>:<MISSING>:<MISSING>:<MISSING>:<MISSING>:<MISSING>:<MISSING>
<MISSING>:<MISSING>:<MISSING>:<MISSING>:<MISSING>:<MISSING>
<MISSING>:<MISSING>:<MISSING>
4349454c4f:<MISSING>:4349454c4f:<MISSING>:4349454c4f:<MISSING>
4349454c4f:<MISSING>:<MISSING>
<MISSING>:<MISSING>
<MISSING>:<MISSING>
<MISSING>:<MISSING>:<MISSING>
<MISSING>:<MISSING>
<MISSING>:<MISSING>
4d6f6d69615f3547:4d6167796172:<MISSING>:46616d696c696120426172626f7a61:46756c696b65:6d6167796172
<MISSING>:<MISSING>:<MISSING>
<MISSING>:<MISSING>
4169724672616e6365434f4e4e454354:4169724672616e6365434f4e4e454354
4169724672616e6365434f4e4e454354:4169724672616e6365434f4e4e454354:4169724672616e6365434f4e4e454354
<MISSING>:<MISSING>
<MISSING>:<MISSING>
<MISSING>:<MISSING>
<MISSING>:<MISSING>
<MISSING>:<MISSING>
<MISSING>:<MISSING>
<MISSING>:<MISSING>
<MISSING>:<MISSING>
<MISSING>:<MISSING>:<MISSING>
<MISSING>:<MISSING>
<MISSING>:<MISSING>:<MISSING>
<MISSING>:<MISSING>
<MISSING>:<MISSING>
<MISSING>:<MISSING>
<MISSING>:<MISSING>
<MISSING>:<MISSING>
46756c696b65:6d6167796172:<MISSING>:4d6f6d69615f3547:4d6167796172:46616d696c696120426172626f7a61:46756c696b65:<MISSING>
<MISSING>:<MISSING>:<MISSING>
<MISSING>:<MISSING>
<MISSING>:4349454c4f:4349454c4f
<MISSING>:<MISSING>:<MISSING>
<MISSING>:<MISSING>
<MISSING>:636875626173636f73
4161:<MISSING>
4e45544745415232322d35475f455854:4c2e4120:4d6f72656c6c69:456e657267796d2056696c6c616765:496b69676169206279206472616973616d6f72656c6c69:4e45544745415232322d35475f322e3447455854:47494d4e4153494f:6d656761706f6c6973:4e45544745415232322d3547:53706f6f6e5f52657374:4e45544745415232322d35475f455854:4c2e4120:4d6f72656c6c69:456e657267796d2056696c6c616765:496b69676169206279206472616973616d6f72656c6c69:4e45544745415232322d35475f322e3447455854:47494d4e4153494f:6d656761706f6c6973:4e45544745415232322d3547:53706f6f6e5f52657374
<MISSING>:56414e4e45534953:42626f782d3645414442303646:464153545745422d444145354433:566f6461666f6e65436f737941706172746d656e74
<MISSING>:<MISSING>:<MISSING>
<MISSING>:<MISSING>
<MISSING>:<MISSING>:<MISSING>:<MISSING>:<MISSING>:<MISSING>
<MISSING>:<MISSING>
<MISSING>:<MISSING>:<MISSING>:<MISSING>:<MISSING>
<MISSING>:<MISSING>:<MISSING>
6970686f6e65:<MISSING>:<MISSING>:6970686f6e65
<MISSING>:43617361204f727175696465612031323030
6970686f6e65:<MISSING>:6970686f6e65
<MISSING>:<MISSING>
<MISSING>:<MISSING>
<MISSING>:<MISSING>
<MISSING>:<MISSING>
<MISSING>:<MISSING>
2e2e2e534a4f204672656520576966692062792053697477696669:2e2e2e534a4f204672656520576966692062792053697477696669
<MISSING>:<MISSING>
<MISSING>:<MISSING>
<MISSING>:<MISSING>
<MISSING>:<MISSING>
<MISSING>:<MISSING>
<MISSING>:<MISSING>
4349454c4f:4349454c4f:<MISSING>:4349454c4f:<MISSING>
<MISSING>:<MISSING>
<MISSING>:<MISSING>:<MISSING>
<MISSING>:<MISSING>
<MISSING>:<MISSING>
<MISSING>:<MISSING>
<MISSING>:<MISSING>
<MISSING>:<MISSING>:<MISSING>
<MISSING>:<MISSING>
<MISSING>:<MISSING>
6d6f746f20672035475f34383339:<MISSING>:6d6f746f20672035475f34383339:<MISSING>
<MISSING>:<MISSING>:616d65726963616e206169726c696e6573:63686f636f6c617465:676f66697368:<MISSING>:616d65726963616e206169726c696e6573:63686f636f6c617465:676f66697368:56696c6c61203720262038
<MISSING>:<MISSING>
<MISSING>:<MISSING>
4349454c4f:4349454c4f:<MISSING>:<MISSING>:4349454c4f:4349454c4f
<MISSING>:<MISSING>
<MISSING>:<MISSING>
4169724672616e6365434f4e4e454354:4169724672616e6365434f4e4e454354
<MISSING>:<MISSING>
<MISSING>:<MISSING>
<MISSING>:<MISSING>
<MISSING>:<MISSING>
4169724672616e6365434f4e4e454354:4169724672616e6365434f4e4e454354
<MISSING>:<MISSING>
<MISSING>:<MISSING>:<MISSING>:<MISSING>:<MISSING>:<MISSING>:<MISSING>:<MISSING>
<MISSING>:<MISSING>
3130344e4554545f3547:<MISSING>:3130344e4554545f3547
<MISSING>:<MISSING>
<MISSING>:<MISSING>:<MISSING>:<MISSING>
<MISSING>:50726f796563746f2050616375617265:47617564797320486f74656c:4c697665626f782d34324130:4c697665626f782d35463730:4c697665626f782d36453130:4c697665626f782d38424530:66726565626f785f4d41524a45414e4945:50726f796563746f2050616375617265:4c697665626f782d35463730:4c697665626f782d36453130
<MISSING>:<MISSING>
<MISSING>:<MISSING>
4d6167796172:46756c696b65
<MISSING>:<MISSING>
<MISSING>:<MISSING>
4169724672616e6365434f4e4e454354:4169724672616e6365434f4e4e454354
<MISSING>:<MISSING>
<MISSING>:<MISSING>
6970686f6e65:<MISSING>:6970686f6e65:<MISSING>:<MISSING>
<MISSING>:<MISSING>:<MISSING>
<MISSING>:<MISSING>
4349454c4f:<MISSING>
<MISSING>:<MISSING>:<MISSING>
4349454c4f:<MISSING>
<MISSING>:<MISSING>
<MISSING>:<MISSING>
<MISSING>:<MISSING>:<MISSING>
4d6f6d69615f3547:4d6167796172:46616d696c696120426172626f7a61:<MISSING>:4d6f6d69615f3547:4d6167796172:46616d696c696120426172626f7a61:46756c696b65:6d6167796172:<MISSING>
<MISSING>:<MISSING>
<MISSING>:446965676f
<MISSING>:<MISSING>
<MISSING>:<MISSING>
4d656c696e4576656e7473:504c55534e45542d4d4a5458464e:4d573435414e5f33394335:4d656c696e4576656e7473:504c55534e45542d4d4a5458464e:4d573435414e5f33394335:504c55534e45542d4d4a5458464e
574143412d496e7465726e6574:574143412d496e7465726e6574
436162696e4372657757694669:436162696e4372657757694669
<MISSING>:<MISSING>:<MISSING>:<MISSING>
<MISSING>:<MISSING>
<MISSING>:<MISSING>
<MISSING>:<MISSING>
584d41584159414e554e47584f485534524e58394231524150444c53524649:<MISSING>
<MISSING>:<MISSING>
<MISSING>:<MISSING>
<MISSING>:<MISSING>
<MISSING>:<MISSING>
<MISSING>:<MISSING>
<MISSING>:<MISSING>
<MISSING>:<MISSING>
<MISSING>:<MISSING>
4349454c4f:4349454c4f
<MISSING>:<MISSING>
<MISSING>:<MISSING>
<MISSING>:<MISSING>
<MISSING>:<MISSING>
<MISSING>:<MISSING>:<MISSING>:<MISSING>:<MISSING>:<MISSING>
<MISSING>:<MISSING>
<MISSING>:<MISSING>
<MISSING>:<MISSING>
<MISSING>:<MISSING>
<MISSING>:<MISSING>
<MISSING>:<MISSING>:<MISSING>
<MISSING>:<MISSING>
<MISSING>:<MISSING>
<MISSING>:<MISSING>
<MISSING>:<MISSING>
<MISSING>:<MISSING>
<MISSING>:<MISSING>
<MISSING>:<MISSING>
6970686f6e652038:6970686f6e652038
<MISSING>:<MISSING>
<MISSING>:<MISSING>
<MISSING>:<MISSING>
<MISSING>:<MISSING>
<MISSING>:<MISSING>
<MISSING>:<MISSING>
<MISSING>:<MISSING>
<MISSING>:<MISSING>
<MISSING>:<MISSING>
7369656d707265776966692d333438393535:6e657467656172:<MISSING>:6e657467656172:7369656d707265776966692d333438393535
<MISSING>:<MISSING>
<MISSING>:<MISSING>
<MISSING>:<MISSING>
<MISSING>:<MISSING>:<MISSING>
<MISSING>:<MISSING>
<MISSING>:6e657467656172:<MISSING>
<MISSING>:<MISSING>
<MISSING>:<MISSING>:<MISSING>
<MISSING>:<MISSING>
<MISSING>:<MISSING>:<MISSING>:<MISSING>:<MISSING>:<MISSING>
5377697373636f6d5f4175746f5f4c6f67696e:5377697373636f6d5f4175746f5f4c6f67696e
<MISSING>:<MISSING>
<MISSING>:<MISSING>
<MISSING>:<MISSING>
<MISSING>:<MISSING>
<MISSING>:<MISSING>
<MISSING>:<MISSING>
<MISSING>:<MISSING>
<MISSING>:<MISSING>:<MISSING>:<MISSING>:<MISSING>
<MISSING>:<MISSING>
<MISSING>:<MISSING>
<MISSING>:<MISSING>
<MISSING>:<MISSING>
4f6e65506c75732035:<MISSING>
<MISSING>:<MISSING>
<MISSING>:<MISSING>:<MISSING>:<MISSING>:<MISSING>
<MISSING>:<MISSING>:<MISSING>
<MISSING>:<MISSING>
4b52595354414c:<MISSING>:4b52595354414c:4f6e65506c75732035:<MISSING>
<MISSING>:<MISSING>
4349454c4f:<MISSING>
<MISSING>:<MISSING>
<MISSING>:<MISSING>
<MISSING>:<MISSING>:<MISSING>:<MISSING>:<MISSING>
<MISSING>:<MISSING>
<MISSING>:<MISSING>
<MISSING>:<MISSING>
<MISSING>:<MISSING>
<MISSING>:<MISSING>
6d6f746f20672035475f34383339:6d6f746f20672035475f34383339:<MISSING>
<MISSING>:<MISSING>
6d6f746f20672035475f34383339:6d6f746f20672035475f34383339
<MISSING>:<MISSING>
<MISSING>:<MISSING>:<MISSING>:<MISSING>:<MISSING>:<MISSING>
<MISSING>:<MISSING>
<MISSING>:<MISSING>
<MISSING>:<MISSING>
<MISSING>:<MISSING>
<MISSING>:4f322057696669:504c55534e45544d4a542d46584e
<MISSING>:<MISSING>:<MISSING>:<MISSING>:<MISSING>
<MISSING>:<MISSING>
<MISSING>:<MISSING>
4169724672616e6365434f4e4e454354:4169724672616e6365434f4e4e454354:4169724672616e6365434f4e4e454354:4169724672616e6365434f4e4e454354
<MISSING>:<MISSING>
<MISSING>:<MISSING>
<MISSING>:<MISSING>
<MISSING>:<MISSING>
<MISSING>:564f49686f74656c73:6469736e65796c616e64207061726973:726f62:<MISSING>:6469736e65796b616e64:726f62:<MISSING>:564f49686f74656c73:6469736e65796b616e64:564f49686f74656c73:6469736e65796b616e64:6469736e65796c616e64207061726973
<MISSING>:<MISSING>
537065637472756d2053657475702d3337:537065637472756d2053657475702d3337
<MISSING>:<MISSING>
<MISSING>:<MISSING>
<MISSING>:<MISSING>
<MISSING>:<MISSING>:<MISSING>
646b783378686653784664:6e656e6974656c6c6f3431:c2a150686f6e652038:646b783378686653784664:<MISSING>:636972636133393030:646b783378686653784664:6e656e6974656c6c6f3431:c2a150686f6e652038:<MISSING>:636972636133393030:c2a150686f6e652038
<MISSING>:6469736e65796c616e64207061726973:726f62:564f49686f74656c73:6469736e65796c616e64207061726973:<MISSING>:564f49686f74656c73:6469736e65796c616e64207061726973:6469736e65796b616e64:6469736e65796c616e64207061726973:564f49686f74656c73
<MISSING>:<MISSING>:<MISSING>:<MISSING>:<MISSING>
<MISSING>:<MISSING>
<MISSING>:<MISSING>
<MISSING>:<MISSING>
<MISSING>:<MISSING>
<MISSING>:6d6f746f20672035475f34383339
<MISSING>:<MISSING>
<MISSING>:<MISSING>
4169724672616e6365434f4e4e454354:4169724672616e6365434f4e4e454354
<MISSING>:<MISSING>
<MISSING>:<MISSING>
<MISSING>:<MISSING>
<MISSING>:<MISSING>
<MISSING>:<MISSING>
<MISSING>:<MISSING>:<MISSING>:<MISSING>
<MISSING>:<MISSING>
<MISSING>:<MISSING>
4169724672616e6365434f4e4e454354:4169724672616e6365434f4e4e454354
<MISSING>:<MISSING>
<MISSING>:<MISSING>:<MISSING>:<MISSING>
<MISSING>:<MISSING>
<MISSING>:<MISSING>
<MISSING>:<MISSING>
<MISSING>:<MISSING>
<MISSING>:<MISSING>
<MISSING>:<MISSING>
<MISSING>:<MISSING>
<MISSING>:<MISSING>
4169724672616e6365434f4e4e454354:4169724672616e6365434f4e4e454354
4169724672616e6365434f4e4e454354:4169724672616e6365434f4e4e454354
<MISSING>:<MISSING>
<MISSING>:<MISSING>
<MISSING>:<MISSING>
<MISSING>:<MISSING>
<MISSING>:<MISSING>
<MISSING>:<MISSING>
<MISSING>:<MISSING>
<MISSING>:<MISSING>
<MISSING>:<MISSING>
<MISSING>:<MISSING>
4349454c4f:<MISSING>:4349454c4f:<MISSING>:4349454c4f:<MISSING>
<MISSING>:<MISSING>
<MISSING>:<MISSING>
<MISSING>:<MISSING>
<MISSING>:6e657467656172:<MISSING>:6e657467656172:6e657467656172:7369656d707265776966692d333438393535:6e657467656172:7369656d707265776966692d333438393535
<MISSING>:<MISSING>
<MISSING>:<MISSING>
<MISSING>:<MISSING>
<MISSING>:<MISSING>
<MISSING>:<MISSING>:<MISSING>:<MISSING>
<MISSING>:<MISSING>
<MISSING>:<MISSING>
<MISSING>:<MISSING>
<MISSING>:<MISSING>
<MISSING>:<MISSING>
<MISSING>:<MISSING>
<MISSING>:<MISSING>
6c6976656239782053534944:<MISSING>
<MISSING>:<MISSING>
<MISSING>:<MISSING>
<MISSING>:<MISSING>
<MISSING>:<MISSING>
<MISSING>:<MISSING>
4349454c4f:<MISSING>
<MISSING>:<MISSING>
<MISSING>:<MISSING>:<MISSING>
<MISSING>:<MISSING>
4349454c4f:<MISSING>:4349454c4f:4349454c4f:<MISSING>
<MISSING>:<MISSING>
<MISSING>:<MISSING>
<MISSING>:<MISSING>
<MISSING>:6e657467656172
2e2e2e534a4f204672656520576966692062792053697477696669:2e2e2e534a4f204672656520576966692062792053697477696669
<MISSING>:<MISSING>
<MISSING>:<MISSING>:<MISSING>:<MISSING>:<MISSING>:<MISSING>
<MISSING>:<MISSING>
<MISSING>:<MISSING>:<MISSING>
<MISSING>:<MISSING>
<MISSING>:566f6461666f6e654d6f62696c65576946692d45313731:737665696f20676a657374:566f6461666f6e654d6f62696c65576946692d45313731:476f72646f6e20486f757365:52414a47415552492d322e3447:737665696f20676a657374:476f72646f6e20486f757365:4368726f6d6563617374333937382e762c:<MISSING>:3130344e4554545f3547:416c7469626f783836373134325f3547:476f72646f6e20486f757365:6b6172616e756d616e675f3547:<MISSING>
<MISSING>:<MISSING>
<MISSING>:<MISSING>
<MISSING>:<MISSING>
<MISSING>:<MISSING>
<MISSING>:<MISSING>
<MISSING>:<MISSING>
4c4147554e4132303734:4c6976696e54686550757261566964615f3547:574946494e48:6d6f746f726f6c6120656467652032302070726f5f34383234:<MISSING>:47414d4f
3130344e4554545f3547:416c7469626f783836373134325f3547:3130344e4554545f3547:<MISSING>:3130344e4554545f3547:416c7469626f783836373134325f3547:<MISSING>:3130344e4554545f3547:416c7469626f783836373134325f3547:<MISSING>:3130344e4554545f3547:416c7469626f783836373134325f3547
<MISSING>:<MISSING>
<MISSING>:<MISSING>
<MISSING>:<MISSING>
<MISSING>:<MISSING>
<MISSING>:<MISSING>
<MISSING>:<MISSING>
<MISSING>:<MISSING>
4349454c4f:<MISSING>:4349454c4f:<MISSING>:4349454c4f
6d6f746f20672035475f34383339:<MISSING>:<MISSING>
<MISSING>:<MISSING>
<MISSING>:<MISSING>
<MISSING>:<MISSING>
4161:<MISSING>
<MISSING>:<MISSING>
4349454c4f:<MISSING>
2e2e2e534a4f204672656520576966692062792053697477696669:2e2e2e534a4f204672656520576966692062792053697477696669
<MISSING>:<MISSING>
<MISSING>:<MISSING>:<MISSING>:<MISSING>:<MISSING>
4c4147554e4132303734:<MISSING>:414952424e42203031:4c6976696e54686550757261566964615f3547:<MISSING>
<MISSING>:<MISSING>
<MISSING>:363332332d42594f442d4d444d:363332332d42594f442d4d444d
4169724672616e6365434f4e4e454354:4169724672616e6365434f4e4e454354:4169724672616e6365434f4e4e454354
363332332d42594f442d4d444d:<MISSING>
<MISSING>:<MISSING>:<MISSING>
<MISSING>:<MISSING>
<MISSING>:<MISSING>
<MISSING>:<MISSING>
<MISSING>:<MISSING>
<MISSING>:<MISSING>
<MISSING>:46616d696c69612043656a612d3547:46414d494c494120524f4452694755455a203547:47414d4f:495a5a492d35472d44323230:696e616e65742020322e3230335f455854:6d6f746f726f6c6120656467652032302070726f5f34383234:<MISSING>:46616d696c69612043656a612d3547:46414d494c494120524f4452694755455a203547:47414d4f:486f74656c20426c7565:495a5a492d35472d44323230:4c4147554e4132303734:4c6976696e54686550757261566964615f3547:696e616e65742020322e3230335f455854:6d6f746f726f6c6120656467652032302070726f5f34383234:<MISSING>
<MISSING>:<MISSING>
<MISSING>:<MISSING>
4349454c4f:<MISSING>:4349454c4f:4349454c4f:4349454c4f
<MISSING>:<MISSING>
6970686f6e65:6970686f6e65:36567935504c4836:<MISSING>
47414d4f:486f74656c20426c7565:495a5a492d35472d44323230:4c4147554e4132303734:4c6976696e54686550757261566964615f3547:<MISSING>:46616d696c69612043656a612d3547:414952424e42203031:46414d494c494120524f4452694755455a203547:47414d4f:486f74656c20426c7565:495a5a492d35472d44323230:4c4147554e4132303734:<MISSING>
435057:574143412d496e7465726e6574
<MISSING>:<MISSING>
<MISSING>:<MISSING>
<MISSING>:<MISSING>
6e656e6974656c6c6f3431:c2a150686f6e652038:636972636133393030:c2a150686f6e652038:<MISSING>:636972636133393030:646b783378686653784664:6e656e6974656c6c6f3431:c2a150686f6e652038:<MISSING>:636972636133393030:646b783378686653784664:6e656e6974656c6c6f3431:<MISSING>:636972636133393030:646b783378686653784664:6e656e6974656c6c6f3431:c2a150686f6e652038
4349454c4f:<MISSING>
<MISSING>:495a5a492d35472d44323230:4c4147554e4132303734:4c6976696e54686550757261566964615f3547:574946494e48:696e616e65742020322e323033:6d6f746f726f6c6120656467652032302070726f5f34383234:<MISSING>
<MISSING>:<MISSING>
<MISSING>:46616d696c69612043656a612d3547:46414d494c494120524f4452694755455a203547:47414d4f:486f74656c20426c7565:495a5a492d35472d44323230:4c4147554e4132303734:4c6976696e54686550757261566964615f3547:574946494e48:46616d696c69612043656a612d3547:414952424e42203031:495a5a492d35472d44323230:4c4147554e4132303734:4c6976696e54686550757261566964615f3547:<MISSING>:574946494e48:696e616e65742020322e323033
47414d4f:4c6976696e54686550757261566964615f3547:696e616e65742020322e323033:6d6f746f726f6c6120656467652032302070726f5f34383234:<MISSING>:46616d696c69612043656a612d3547:414952424e42203031:4c4147554e4132303734:4c6976696e54686550757261566964615f3547:696e616e65742020322e3230335f455854:<MISSING>
<MISSING>:<MISSING>
<MISSING>:<MISSING>
<MISSING>:<MISSING>
4169724672616e6365434f4e4e454354:4169724672616e6365434f4e4e454354
<MISSING>:<MISSING>
<MISSING>:<MISSING>
<MISSING>:<MISSING>
4169724672616e6365434f4e4e454354:4169724672616e6365434f4e4e454354
<MISSING>:<MISSING>
<MISSING>:<MISSING>
<MISSING>:<MISSING>:<MISSING>
<MISSING>:<MISSING>
<MISSING>:<MISSING>
6970686f6e65202831363029:6a796463682c2c693736366a6a6b7574756b6c:74623774372037743737627437:<MISSING>:6970686f6e65202831363029:6a796463682c2c693736366a6a6b7574756b6c:<MISSING>:<MISSING>:6970686f6e652038:6a796463682c2c693736366a6a6b7574756b6c
4169724672616e6365434f4e4e454354:4169724672616e6365434f4e4e454354
74623774372037743737627437:<MISSING>
4349454c4f:4349454c4f:<MISSING>
2e2e2e534a4f204672656520576966692062792053697477696669:2e2e2e534a4f204672656520576966692062792053697477696669
4169724672616e6365434f4e4e454354:4169724672616e6365434f4e4e454354
<MISSING>:<MISSING>:<MISSING>
<MISSING>:<MISSING>
<MISSING>:<MISSING>
<MISSING>:<MISSING>:<MISSING>:<MISSING>
<MISSING>:<MISSING>
<MISSING>:<MISSING>
<MISSING>:<MISSING>
<MISSING>:<MISSING>
<MISSING>:<MISSING>
<MISSING>:<MISSING>
<MISSING>:<MISSING>
<MISSING>:<MISSING>
<MISSING>:<MISSING>:<MISSING>
<MISSING>:<MISSING>
41545a5f4775657374:<MISSING>:41545a5f4775657374:<MISSING>:<MISSING>:<MISSING>:41545a5f4775657374
537065637472756d2053657475702d3337:<MISSING>:537065637472756d2053657475702d3337:537065637472756d2053657475702d3337:<MISSING>:537065637472756d2053657475702d3337
<MISSING>:<MISSING>
4361736156696d6172:4361736156696d6172
<MISSING>:<MISSING>:<MISSING>
537065637472756d2053657475702d3337:<MISSING>:<MISSING>
<MISSING>:46616d696c69612043656a612d3547:46414d494c494120524f4452694755455a203547:47414d4f:486f74656c20426c7565:495a5a492d35472d44323230:4c6976696e54686550757261566964615f3547:574946494e48:696e616e65742020322e3230335f455854:6d6f746f726f6c6120656467652032302070726f5f34383234:46414d494c494120524f4452694755455a203547:4c6976696e54686550757261566964615f3547:574946494e48:696e616e65742020322e323033:46616d696c69612043656a612d3547:46414d494c494120524f4452694755455a203547
<MISSING>:<MISSING>
<MISSING>:<MISSING>
<MISSING>:<MISSING>:<MISSING>
<MISSING>:<MISSING>
<MISSING>:<MISSING>
5377697373636f6d5f4175746f5f4c6f67696e:<MISSING>:<MISSING>
<MISSING>:<MISSING>
4349454c4f:<MISSING>:4349454c4f:<MISSING>:4349454c4f
<MISSING>:414952424e42203031:46414d494c494120524f4452694755455a203547:696e616e65742020322e3230335f455854
4169724672616e6365434f4e4e454354:4169724672616e6365434f4e4e454354:4169724672616e6365434f4e4e454354
<MISSING>:<MISSING>:<MISSING>:<MISSING>
4169724672616e6365434f4e4e454354:4169724672616e6365434f4e4e454354:4169724672616e6365434f4e4e454354:4169724672616e6365434f4e4e454354:4169724672616e6365434f4e4e454354:4169724672616e6365434f4e4e454354
<MISSING>:<MISSING>
<MISSING>:<MISSING>
<MISSING>:<MISSING>
<MISSING>:<MISSING>
4169724672616e6365434f4e4e454354:4169724672616e6365434f4e4e454354
4169724672616e6365434f4e4e454354:4169724672616e6365434f4e4e454354:4169724672616e6365434f4e4e454354:4169724672616e6365434f4e4e454354
4169724672616e6365434f4e4e454354:4169724672616e6365434f4e4e454354
<MISSING>:<MISSING>
4169724672616e6365434f4e4e454354:4169724672616e6365434f4e4e454354:4169724672616e6365434f4e4e454354:4169724672616e6365434f4e4e454354:4169724672616e6365434f4e4e454354:4169724672616e6365434f4e4e454354
4d6f6d69615f3547:<MISSING>:4d6f6d69615f3547:4d6167796172:46616d696c696120426172626f7a61
<MISSING>:<MISSING>
<MISSING>:<MISSING>:<MISSING>:<MISSING>
4169724672616e6365434f4e4e454354:4169724672616e6365434f4e4e454354
<MISSING>:<MISSING>:<MISSING>
<MISSING>:<MISSING>:<MISSING>:<MISSING>:<MISSING>:<MISSING>:<MISSING>
<MISSING>:<MISSING>
<MISSING>:<MISSING>
<MISSING>:<MISSING>
<MISSING>:<MISSING>
<MISSING>:<MISSING>
<MISSING>:<MISSING>
47617564797320486f74656c:4c697665626f782d34324130:4c697665626f782d35463730:<MISSING>:50726f796563746f2050616375617265:47617564797320486f74656c
42626f782d4330353037354332:<MISSING>
<MISSING>:<MISSING>
646b783378686653784664:6e656e6974656c6c6f3431:c2a150686f6e652038:<MISSING>:636972636133393030:646b783378686653784664:c2a150686f6e652038
<MISSING>:<MISSING>
<MISSING>:<MISSING>:<MISSING>
<MISSING>:<MISSING>
<MISSING>:<MISSING>
4349454c4f:<MISSING>:4349454c4f:<MISSING>:<MISSING>
<MISSING>:<MISSING>:<MISSING>:<MISSING>:<MISSING>:<MISSING>
4349454c4f:<MISSING>
<MISSING>:<MISSING>
<MISSING>:<MISSING>
46616d696c696120426172626f7a61:6d6167796172:<MISSING>
<MISSING>:<MISSING>
<MISSING>:<MISSING>
<MISSING>:<MISSING>
<MISSING>:<MISSING>
<MISSING>:<MISSING>
<MISSING>:<MISSING>:<MISSING>
<MISSING>:<MISSING>
<MISSING>:<MISSING>
<MISSING>:<MISSING>:36567935504c4836
<MISSING>:<MISSING>
<MISSING>:<MISSING>:<MISSING>:<MISSING>:<MISSING>
363332332d42594f442d4d444d:363332332d42594f442d4d444d:<MISSING>:363332332d42594f442d4d444d:<MISSING>:363332332d42594f442d4d444d
<MISSING>:<MISSING>:<MISSING>
<MISSING>:<MISSING>
<MISSING>:<MISSING>
<MISSING>:<MISSING>
<MISSING>:<MISSING>
<MISSING>:<MISSING>
4349454c4f:4349454c4f
<MISSING>:<MISSING>
<MISSING>:<MISSING>:<MISSING>:<MISSING>:<MISSING>:<MISSING>:<MISSING>:<MISSING>
<MISSING>:<MISSING>
<MISSING>:<MISSING>
<MISSING>:<MISSING>
<MISSING>:<MISSING>
<MISSING>:<MISSING>
<MISSING>:<MISSING>
<MISSING>:6e657467656172:7369656d707265776966692d333438393535:7369656d707265776966692d333438393535:6e657467656172:7369656d707265776966692d333438393535:<MISSING>:6e657467656172:7369656d707265776966692d333438393535
50726f796563746f2050616375617265:47617564797320486f74656c:4c697665626f782d34324130:4c697665626f782d35463730:<MISSING>:50726f796563746f2050616375617265
<MISSING>:<MISSING>
<MISSING>:<MISSING>
<MISSING>:<MISSING>
<MISSING>:<MISSING>
6970686f6e652038:6970686f6e652038:6a796463682c2c693736366a6a6b7574756b6c:74623774372037743737627437:<MISSING>:<MISSING>:6970686f6e65202831363029
<MISSING>:<MISSING>
<MISSING>:<MISSING>
<MISSING>:<MISSING>
<MISSING>:<MISSING>
<MISSING>:<MISSING>:<MISSING>:<MISSING>
<MISSING>:<MISSING>
6970686f6e65:<MISSING>
<MISSING>:<MISSING>
<MISSING>:<MISSING>
<MISSING>:<MISSING>
<MISSING>:<MISSING>
<MISSING>:66616d696c6961206c6f70657a
<MISSING>:<MISSING>
<MISSING>:<MISSING>
<MISSING>:<MISSING>
7369656d707265776966692d333438393535:7369656d707265776966692d333438393535:6e657467656172:7369656d707265776966692d333438393535:<MISSING>
<MISSING>:<MISSING>
42626f782d4330353037354332:<MISSING>
<MISSING>:<MISSING>
<MISSING>:<MISSING>
<MISSING>:<MISSING>:<MISSING>
<MISSING>:<MISSING>
<MISSING>:<MISSING>
<MISSING>:<MISSING>
<MISSING>:<MISSING>
<MISSING>:<MISSING>:<MISSING>
<MISSING>:<MISSING>
<MISSING>:<MISSING>
<MISSING>:6e657467656172:7369656d707265776966692d333438393535:<MISSING>:6e657467656172
4349454c4f:<MISSING>
<MISSING>:<MISSING>:<MISSING>:<MISSING>:<MISSING>
6c6f737420617263:6e657467656172:<MISSING>
66616d696c6961206c6f70657a:<MISSING>:<MISSING>:<MISSING>:66616d696c6961206c6f70657a
6970686f6e65:<MISSING>
<MISSING>:<MISSING>
<MISSING>:<MISSING>
<MISSING>:<MISSING>
<MISSING>:<MISSING>
<MISSING>:<MISSING>
<MISSING>:<MISSING>
<MISSING>:<MISSING>
<MISSING>:<MISSING>
<MISSING>:43617361204f727175696465612031323030
<MISSING>:6970686f6e65
<MISSING>:<MISSING>
<MISSING>:<MISSING>
<MISSING>:<MISSING>
<MISSING>:<MISSING>
<MISSING>:<MISSING>
<MISSING>:<MISSING>
<MISSING>:<MISSING>
<MISSING>:<MISSING>:<MISSING>:<MISSING>:<MISSING>:<MISSING>
<MISSING>:<MISSING>:<MISSING>:<MISSING>:<MISSING>
<MISSING>:<MISSING>
<MISSING>:<MISSING>
<MISSING>:<MISSING>
2e2e2e534a4f204672656520576966692062792053697477696669:2e2e2e534a4f204672656520576966692062792053697477696669:2e2e2e534a4f204672656520576966692062792053697477696669
4349454c4f:4349454c4f:4349454c4f
<MISSING>:<MISSING>
<MISSING>:<MISSING>
<MISSING>:<MISSING>
<MISSING>:<MISSING>
<MISSING>:<MISSING>
<MISSING>:<MISSING>
<MISSING>:<MISSING>
636875626173636f73:5253434150452056494c4c4153:<MISSING>:<MISSING>
<MISSING>:66616d696c6961206c6f70657a
<MISSING>:<MISSING>:<MISSING>:<MISSING>
<MISSING>:<MISSING>
<MISSING>:<MISSING>:<MISSING>
686f74656c6c6f657765:6a6569736f7270:41766174656c203132:41766174656c203132:445567494e5355323733706e366e704b:686f74656c6c6f657765:6a6569736f7270:6a6569736f727035:41766174656c203132:445567494e5355323733706e366e704b:6a6569736f727035:41766174656c203132:445567494e5355323733706e366e704b:686f74656c6c6f657765:6a6569736f7270:6a6569736f727035
<MISSING>:<MISSING>
6970686f6e65:6970686f6e65:<MISSING>
4d6f6d69615f3547:4d6167796172
<MISSING>:<MISSING>
4d6f6d69615f3547:46756c696b65:<MISSING>:4d6f6d69615f3547:6d6167796172:<MISSING>
<MISSING>:46616d696c69612043656a612d3547:495a5a492d35472d44323230:4c4147554e4132303734:4c6976696e54686550757261566964615f3547:6d6f746f726f6c6120656467652032302070726f5f34383234:46414d494c494120524f4452694755455a203547:4c4147554e4132303734:696e616e65742020322e323033:414952424e42203031:486f74656c20426c7565
<MISSING>:<MISSING>
<MISSING>:<MISSING>
<MISSING>:<MISSING>
<MISSING>:<MISSING>
<MISSING>:<MISSING>
<MISSING>:<MISSING>
<MISSING>:<MISSING>
<MISSING>:<MISSING>
<MISSING>:<MISSING>
<MISSING>:<MISSING>
<MISSING>:<MISSING>:<MISSING>:<MISSING>
<MISSING>:<MISSING>:<MISSING>:<MISSING>
<MISSING>:<MISSING>
<MISSING>:<MISSING>
<MISSING>:<MISSING>:<MISSING>
<MISSING>:<MISSING>
<MISSING>:<MISSING>
<MISSING>:<MISSING>
<MISSING>:<MISSING>
<MISSING>:<MISSING>
<MISSING>:<MISSING>
<MISSING>:<MISSING>
<MISSING>:<MISSING>
<MISSING>:<MISSING>
4349454c4f:4349454c4f
<MISSING>:<MISSING>:<MISSING>:<MISSING>
544d6f62696c6557696e676d616e:544d6f62696c6557696e676d616e
<MISSING>:<MISSING>
<MISSING>:<MISSING>:<MISSING>
<MISSING>:<MISSING>
<MISSING>:<MISSING>
<MISSING>:<MISSING>
<MISSING>:66616d696c6961206c6f70657a:<MISSING>
<MISSING>:<MISSING>
<MISSING>:<MISSING>
<MISSING>:<MISSING>
<MISSING>:<MISSING>:<MISSING>
<MISSING>:<MISSING>
<MISSING>:<MISSING>
<MISSING>:5253434150452056494c4c4153:636875626173636f73:<MISSING>:5253434150452056494c4c4153:636875626173636f73
<MISSING>:56414e4e45534953:485541574549205038206c6974652032303137:4f72717569646561732057694669:42626f782d3645414442303646:464153545745422d444145354433:46726565626f782d304336353238:566f6461666f6e65436f737941706172746d656e74:7377697463685f4536423831433031303045
56696c6c61203720262038:616d65726963616e206169726c696e6573:676f66697368:6d6170616368655f3567
<MISSING>:<MISSING>
<MISSING>:<MISSING>
4349454c4f:<MISSING>:4349454c4f:<MISSING>:4349454c4f:<MISSING>
<MISSING>:<MISSING>
<MISSING>:<MISSING>
<MISSING>:<MISSING>
<MISSING>:<MISSING>
<MISSING>:<MISSING>:<MISSING>:<MISSING>
<MISSING>:363332332d42594f442d4d444d:<MISSING>:363332332d42594f442d4d444d:<MISSING>:363332332d42594f442d4d444d:363332332d42594f442d4d444d
<MISSING>:<MISSING>
<MISSING>:<MISSING>:<MISSING>
<MISSING>:4349454c4f:<MISSING>:4349454c4f
<MISSING>:<MISSING>:<MISSING>:<MISSING>:<MISSING>
<MISSING>:<MISSING>
<MISSING>:<MISSING>
<MISSING>:<MISSING>
<MISSING>:<MISSING>
<MISSING>:<MISSING>:41545a5f4775657374
4d6f766538395f647762:4d6f766538395f647762
<MISSING>:<MISSING>
<MISSING>:<MISSING>
<MISSING>:<MISSING>:<MISSING>
<MISSING>:<MISSING>
<MISSING>:<MISSING>
<MISSING>:<MISSING>
<MISSING>:<MISSING>
<MISSING>:<MISSING>
<MISSING>:<MISSING>
<MISSING>:<MISSING>
<MISSING>:<MISSING>
<MISSING>:<MISSING>
<MISSING>:<MISSING>:<MISSING>:<MISSING>
<MISSING>:<MISSING>:<MISSING>
<MISSING>:<MISSING>
<MISSING>:<MISSING>
<MISSING>:<MISSING>:<MISSING>
<MISSING>:<MISSING>
<MISSING>:<MISSING>
<MISSING>:363332332d42594f442d4d444d:<MISSING>
<MISSING>:<MISSING>
<MISSING>:<MISSING>
<MISSING>:<MISSING>
<MISSING>:<MISSING>:<MISSING>:<MISSING>:<MISSING>:<MISSING>:<MISSING>
<MISSING>:<MISSING>
<MISSING>:<MISSING>
46756c696b65:6d6167796172:4d6167796172
4169724672616e6365434f4e4e454354:4169724672616e6365434f4e4e454354
<MISSING>:<MISSING>
<MISSING>:<MISSING>
<MISSING>:<MISSING>
<MISSING>:<MISSING>:<MISSING>:<MISSING>
63686f636f6c617465:676f66697368:6d6170616368655f3567
<MISSING>:<MISSING>
<MISSING>:<MISSING>
4d6f76697374617246696272612d3547487a2d373536374338:4d6f76697374617246696272612d373536374338:<MISSING>
6970686f6e65202831363029:74623774372037743737627437
<MISSING>:<MISSING>
<MISSING>:<MISSING>
<MISSING>:<MISSING>:<MISSING>
<MISSING>:<MISSING>
<MISSING>:363332332d42594f442d4d444d
<MISSING>:<MISSING>
<MISSING>:<MISSING>
<MISSING>:<MISSING>
<MISSING>:<MISSING>
<MISSING>:<MISSING>:<MISSING>:<MISSING>:<MISSING>
<MISSING>:<MISSING>
<MISSING>:<MISSING>
6970686f6e65:<MISSING>
<MISSING>:<MISSING>
<MISSING>:<MISSING>
495a5a492d35472d44323230:4c4147554e4132303734
<MISSING>:<MISSING>
<MISSING>:<MISSING>
<MISSING>:<MISSING>:<MISSING>:<MISSING>
494e4341455f56697369746f7273:494e4341455f56697369746f7273:<MISSING>
<MISSING>:<MISSING>:<MISSING>
<MISSING>:<MISSING>
<MISSING>:<MISSING>
<MISSING>:<MISSING>
<MISSING>:<MISSING>:<MISSING>
<MISSING>:<MISSING>
4169724672616e6365434f4e4e454354:4169724672616e6365434f4e4e454354
<MISSING>:<MISSING>
<MISSING>:<MISSING>
4d6167796172:6d6167796172
<MISSING>:<MISSING>
<MISSING>:<MISSING>
<MISSING>:<MISSING>
<MISSING>:<MISSING>
<MISSING>:<MISSING>
<MISSING>:<MISSING>
<MISSING>:<MISSING>
<MISSING>:56414e4e45534953:485541574549205038206c6974652032303137:4f72717569646561732057694669:42626f782d3645414442303646:7377697463685f4536423831433031303045:76697275732e657865
4169724672616e6365434f4e4e454354:4169724672616e6365434f4e4e454354
<MISSING>:<MISSING>:<MISSING>:<MISSING>
<MISSING>:66616d696c6961206c6f70657a
<MISSING>:<MISSING>
574143412d496e7465726e6574:<MISSING>
<MISSING>:<MISSING>
<MISSING>:<MISSING>:<MISSING>:<MISSING>
2a574946492d414952504f5254:2a574946492d414952504f5254
<MISSING>:<MISSING>
<MISSING>:<MISSING>
<MISSING>:<MISSING>
<MISSING>:<MISSING>
<MISSING>:<MISSING>
2a574946492d414952504f5254:2a574946492d414952504f5254
<MISSING>:<MISSING>
<MISSING>:<MISSING>
<MISSING>:<MISSING>:<MISSING>:<MISSING>
66616d696c6961206c6f70657a:<MISSING>:66616d696c6961206c6f70657a:66616d696c6961206c6f70657a
4f72616e676556656c6f64726f6d65:54502d4c696e6b5f42434632:<MISSING>:4d6167656e7461574c414e2d4f45494a:4d617272616b656368203547:4f72616e676556656c6f64726f6d65:5346522d30326438:54502d4c696e6b5f42434632:5472616e736974576972656c65737357694669:566f6461666f6e652d32333637:64696167656f2d76697369746f7273:7665727469676f63
48414220313339:48414220313339
<MISSING>:<MISSING>:<MISSING>:<MISSING>
<MISSING>:<MISSING>
<MISSING>:66616d696c6961206c6f70657a
<MISSING>:<MISSING>
<MISSING>:<MISSING>
<MISSING>:<MISSING>
<MISSING>:<MISSING>:<MISSING>
<MISSING>:<MISSING>
<MISSING>:6970686f6e6531332070726f206d6178:<MISSING>:6970686f6e6531332070726f206d6178
<MISSING>:<MISSING>:<MISSING>
<MISSING>:4855424f4e455f50524f56:4855424f4e455f50524f56
2a574946492d414952504f5254:2a574946492d414952504f5254
<MISSING>:<MISSING>
<MISSING>:<MISSING>
2a574946492d414952504f5254:2a574946492d414952504f5254
2a574946492d414952504f5254:2a574946492d414952504f5254:2a574946492d414952504f5254
4449474946494252412d504c55532d68475153:<MISSING>:4449474946494252412d504c55532d68475153:<MISSING>
<MISSING>:<MISSING>
66616d696c6961206c6f70657a:<MISSING>:66616d696c6961206c6f70657a
<MISSING>:<MISSING>
<MISSING>:<MISSING>:4855424f4e455f50524f56
<MISSING>:<MISSING>:<MISSING>:<MISSING>
<MISSING>:<MISSING>
<MISSING>:484f4d452d443335362d322e34:<MISSING>:484f4d452d443335362d322e34:<MISSING>:<MISSING>:484f4d452d443335362d322e34:<MISSING>:484f4d452d443335362d322e34
<MISSING>:<MISSING>
<MISSING>:<MISSING>
517030402070785927404a4f6a21:2a574946492d414952504f525400a824:2a574946492d414952504f5254:<MISSING>:66616d696c6961206c6f70657a:517030402070785927404a4f6a21:2a574946492d414952504f525400a824:2a574946492d414952504f5254:<MISSING>:66616d696c6961206c6f70657a:517030402070785927404a4f6a21:2a574946492d414952504f525400a824:2a574946492d414952504f5254:<MISSING>:66616d696c6961206c6f70657a:517030402070785927404a4f6a21:2a574946492d414952504f525400a824:2a574946492d414952504f5254:<MISSING>:517030402070785927404a4f6a21:2a574946492d414952504f525400a824:2a574946492d414952504f5254
4855424f4e455f50524f56:4855424f4e455f50524f56
<MISSING>:66616d696c6961206c6f70657a:<MISSING>:66616d696c6961206c6f70657a:<MISSING>:66616d696c6961206c6f70657a:66616d696c6961206c6f70657a:<MISSING>:66616d696c6961206c6f70657a
<MISSING>:<MISSING>
<MISSING>:<MISSING>
<MISSING>:435444492d4775657374
<MISSING>:<MISSING>
435444492d4775657374:435444492d4775657374
<MISSING>:<MISSING>
<MISSING>:<MISSING>
<MISSING>:<MISSING>
<MISSING>:<MISSING>
<MISSING>:<MISSING>
<MISSING>:<MISSING>
<MISSING>:<MISSING>
<MISSING>:<MISSING>
<MISSING>:<MISSING>
<MISSING>:<MISSING>
<MISSING>:<MISSING>
2a574946492d414952504f5254:2a574946492d414952504f5254:2a574946492d414952504f5254
<MISSING>:<MISSING>
<MISSING>:<MISSING>
<MISSING>:<MISSING>
<MISSING>:<MISSING>
<MISSING>:<MISSING>
<MISSING>:<MISSING>
<MISSING>:<MISSING>
<MISSING>:<MISSING>
4170706c6557694669536563757265:4170706c6557694669536563757265
<MISSING>:<MISSING>
<MISSING>:<MISSING>
<MISSING>:4855424f4e455f50524f56
<MISSING>:435444492d4775657374:<MISSING>:435444492d4775657374:<MISSING>:<MISSING>
<MISSING>:4855424f4e455f50524f56:<MISSING>
<MISSING>:435444492d4775657374:<MISSING>:435444492d4775657374
<MISSING>:<MISSING>
<MISSING>:435444492d4775657374
<MISSING>:<MISSING>
4855422d50524f:4855422d50524f:4855422d50524f
4855424f4e455f50524f56:4855424f4e455f50524f56:4855424f4e455f50524f56
<MISSING>:<MISSING>
2a574946492d414952504f5254:2a574946492d414952504f5254:2a574946492d414952504f5254
<MISSING>:<MISSING>
<MISSING>:<MISSING>:<MISSING>:<MISSING>:<MISSING>:<MISSING>:<MISSING>
<MISSING>:<MISSING>
444d505333324b41473557522d353034383435:4c697665626f782d39303630
<MISSING>:<MISSING>
2a574946492d414952504f5254:2a574946492d414952504f5254
<MISSING>:<MISSING>
2a574946492d414952504f5254:2a574946492d414952504f5254
<MISSING>:<MISSING>:<MISSING>:<MISSING>
<MISSING>:435444492d4775657374:<MISSING>:435444492d4775657374
636172646f:6f7265646f
4855422d50524f:4855422d50524f:4855422d50524f:4855422d50524f
<MISSING>:<MISSING>:313233:313233
<MISSING>:435444492d4775657374:<MISSING>:<MISSING>:435444492d4775657374
2a574946492d414952504f5254:2a574946492d414952504f5254
<MISSING>:<MISSING>:<MISSING>
4855424f4e455f50524f56:4855424f4e455f50524f56
<MISSING>:<MISSING>
<MISSING>:<MISSING>:<MISSING>:<MISSING>
<MISSING>:<MISSING>:<MISSING>
2a574946492d414952504f5254:2a574946492d414952504f5254
<MISSING>:<MISSING>
<MISSING>:<MISSING>:435444492d4775657374
2a574946492d414952504f5254:2a574946492d414952504f5254
4170706c6557694669536563757265:4170706c6557694669536563757265
<MISSING>:<MISSING>
<MISSING>:<MISSING>
<MISSING>:435444492d4775657374:<MISSING>:435444492d4775657374:<MISSING>:435444492d4775657374
<MISSING>:<MISSING>
<MISSING>:<MISSING>:<MISSING>:<MISSING>
544d6f62696c6557696e676d616e:544d6f62696c6557696e676d616e
56415045504f52542035:56415045504f52542035
<MISSING>:<MISSING>
<MISSING>:<MISSING>
<MISSING>:<MISSING>:<MISSING>
<MISSING>:<MISSING>
2a574946492d414952504f5254:2a574946492d414952504f5254
<MISSING>:313233343536373839:636172646f:6b2e68616368616e69:6f7265646f:746f70206e65742036313238:776966692d70617469656e7473203132333966
<MISSING>:<MISSING>
<MISSING>:435444492d4775657374
<MISSING>:<MISSING>
<MISSING>:<MISSING>
2a574946492d414952504f5254:2a574946492d414952504f5254
<MISSING>:417a65722042696a6f7578
574143412d496e7465726e6574:574143412d496e7465726e6574
4855422d50524f:4855422d50524f
<MISSING>:<MISSING>
4855422d50524f:4855422d50524f
<MISSING>:<MISSING>
2a574946492d414952504f5254:2a574946492d414952504f5254:2a574946492d414952504f5254:2a574946492d414952504f5254
<MISSING>:<MISSING>:<MISSING>:<MISSING>
2a574946492d414952504f5254:2a574946492d414952504f5254
<MISSING>:<MISSING>
<MISSING>:<MISSING>
435444492d4775657374:435444492d4775657374
544d6f62696c6557696e676d616e:544d6f62696c6557696e676d616e
<MISSING>:<MISSING>
<MISSING>:<MISSING>
2a574946492d414952504f5254:2a574946492d414952504f5254
<MISSING>:<MISSING>
<MISSING>:<MISSING>
<MISSING>:<MISSING>
<MISSING>:<MISSING>
<MISSING>:<MISSING>
<MISSING>:4855424f4e455f50524f56:<MISSING>
<MISSING>:<MISSING>:<MISSING>:<MISSING>:<MISSING>
<MISSING>:<MISSING>
<MISSING>:<MISSING>
<MISSING>:435444492d4775657374
<MISSING>:<MISSING>
<MISSING>:<MISSING>
<MISSING>:<MISSING>
<MISSING>:<MISSING>
414450:414450
4c414432:4c4144:<MISSING>
<MISSING>:<MISSING>
414450:414450:414450
<MISSING>:435444492d4775657374:<MISSING>:435444492d4775657374:<MISSING>:435444492d4775657374
44454e20416972706f72742046726565205769466920322e34:44454e20416972706f72742046726565205769466920322e34
4875626772792047686f7374204775657374:4875626772792047686f7374204775657374
436f6d70616e79204775657374:436f6d70616e79204775657374
43616665204c79726961:43616665204c79726961
43686f7266612052c3a963657074696f6e:43686f7266612052c3a963657074696f6e
537065637472756d53657475702d3241:537065637472756d53657475702d3241
<MISSING>:<MISSING>
44454e20416972706f72742046726565205769466920322e34:44454e20416972706f72742046726565205769466920322e34
537065637472756d53657475702d3241:537065637472756d53657475702d3241
436f6d70616e79204775657374:436f6d70616e79204775657374
47616c617879204132342043324536:47616c617879204132342043324536:47616c617879204132342043324536
<MISSING>:<MISSING>
4855424f4e455f50524f56:4855424f4e455f50524f56
574143412d496e7465726e6574:574143412d496e7465726e6574
4855422d50524f:4855422d50524f
574143412d496e7465726e6574:574143412d496e7465726e6574
<MISSING>:<MISSING>
<MISSING>:<MISSING>:<MISSING>
434d43432d75666478:434d4343efbcbf75666478:5135373235423532464d33:636d63632d75666478:<MISSING>:434d43432d76666478:434d43435f75666478
414450:414450
<MISSING>:<MISSING>
<MISSING>:<MISSING>
<MISSING>:<MISSING>:<MISSING>
414450:414450:414450
<MISSING>:<MISSING>:<MISSING>:<MISSING>:<MISSING>
4248545f5075626c6963:425720596f726b20486f75736520486f74656c:4348462034475f322e3447487a:465545525445204d415242454c4c41:466f726573746572732057694669:4672616e6369735f486f74656c:496e7465726e6574405368657261746f6e20436c7562:4b4559534f456576656e747332303231:4d6f6e747573692d5343:<MISSING>:4248545f5075626c6963:466f726573746572732057694669:4672616e6369735f486f74656c:496e7465726e6574405368657261746f6e20436c7562:4b4559534f456576656e747332303231:4d6f6e747573692d5343:<MISSING>
2a574946492d414952504f5254:2a574946492d414952504f5254
<MISSING>:<MISSING>
<MISSING>:<MISSING>
<MISSING>:<MISSING>
<MISSING>:<MISSING>
46414d494c494120524f4452694755455a203547:47414d4f:486f74656c20426c7565:4c4147554e4132303734:4c6976696e54686550757261566964615f3547:574946494e48:696e616e65742020322e323033:6d6f746f726f6c6120656467652032302070726f5f34383234:<MISSING>:46616d696c69612043656a612d3547:414952424e42203031
2a574946492d414952504f5254:2a574946492d414952504f5254
46616d696c69612043656a612d3547:47414d4f:486f74656c20426c7565:4c4147554e4132303734:47414d4f:495a5a492d35472d44323230
<MISSING>:<MISSING>:<MISSING>:<MISSING>
414450:414450
414450:414450:414450:414450:414450
414450:414450
<MISSING>:<MISSING>
<MISSING>:<MISSING>
<MISSING>:<MISSING>
2a574946492d414952504f5254:2a574946492d414952504f5254:2a574946492d414952504f5254
<MISSING>:<MISSING>:<MISSING>
<MISSING>:<MISSING>
<MISSING>:<MISSING>
2a574946492d414952504f5254:2a574946492d414952504f5254:2a574946492d414952504f5254:2a574946492d414952504f5254
2a574946492d414952504f5254:2a574946492d414952504f5254
<MISSING>:<MISSING>
<MISSING>:46616d696c69612043656a612d3547:414952424e42203031:46414d494c494120524f4452694755455a203547:47414d4f:486f74656c20426c7565:495a5a492d35472d44323230:4c4147554e4132303734:4c6976696e54686550757261566964615f3547:574946494e48:696e616e65742020322e323033:696e616e65742020322e3230335f455854:6d6f746f726f6c6120656467652032302070726f5f34383234:<MISSING>:46616d696c69612043656a612d3547:414952424e42203031:46414d494c494120524f4452694755455a203547:47414d4f:486f74656c20426c7565:495a5a492d35472d44323230:574946494e48:696e616e65742020322e323033:696e616e65742020322e3230335f455854
<MISSING>:<MISSING>
<MISSING>:<MISSING>
<MISSING>:<MISSING>
<MISSING>:<MISSING>
<MISSING>:<MISSING>
<MISSING>:<MISSING>:<MISSING>
<MISSING>:<MISSING>
<MISSING>:<MISSING>
<MISSING>:<MISSING>:<MISSING>:<MISSING>
46616d696c69612043656a612d3547:46414d494c494120524f4452694755455a203547:47414d4f:4c4147554e4132303734:<MISSING>:486f74656c20426c7565
<MISSING>:<MISSING>:<MISSING>
<MISSING>:<MISSING>
<MISSING>:<MISSING>:<MISSING>
<MISSING>:<MISSING>
<MISSING>:<MISSING>
<MISSING>:<MISSING>:<MISSING>
<MISSING>:<MISSING>
<MISSING>:<MISSING>
<MISSING>:<MISSING>
<MISSING>:<MISSING>:<MISSING>
46616d696c69612043656a612d3547:414952424e42203031:47414d4f:574946494e48:696e616e65742020322e323033:696e616e65742020322e3230335f455854
<MISSING>:<MISSING>
<MISSING>:<MISSING>
<MISSING>:<MISSING>
<MISSING>:442d4c696e6b2d334143393134:<MISSING>:442d4c696e6b2d334143393134
<MISSING>:<MISSING>
656475726f616d:656475726f616d
2a574946492d414952504f5254:2a574946492d414952504f5254
<MISSING>:<MISSING>:<MISSING>
<MISSING>:<MISSING>
2a574946492d414952504f5254:2a574946492d414952504f5254
<MISSING>:<MISSING>
<MISSING>:<MISSING>
<MISSING>:<MISSING>
<MISSING>:<MISSING>:<MISSING>
<MISSING>:<MISSING>
<MISSING>:<MISSING>
<MISSING>:<MISSING>
<MISSING>:<MISSING>
<MISSING>:<MISSING>
<MISSING>:<MISSING>
544d6f62696c6557696e676d616e:544d6f62696c6557696e676d616e
<MISSING>:<MISSING>
<MISSING>:4e4555465f39453638:<MISSING>
<MISSING>:4855424f4e455f50524f56
<MISSING>:<MISSING>
70617274796b656c6c6572:74702d6c696e6b5f65616431:<MISSING>
<MISSING>:<MISSING>
<MISSING>:<MISSING>
<MISSING>:<MISSING>:<MISSING>
4353467a2079483665:776966692063686174656175:<MISSING>:4353467a2079483665
485541574549205033302050726f:41454c4941:4855422d50524f:4c54522d474c4f42414c2d444154412d475641:41454c4941:4c54522d474c4f42414c2d444154412d475641
<MISSING>:<MISSING>
<MISSING>:<MISSING>
<MISSING>:<MISSING>
4855422d50524f:4855422d50524f
<MISSING>:<MISSING>
<MISSING>:66726565626f786d616e6f6c697365:776966692063686174656175:<MISSING>:4353467a2079483665:66726565626f786d616e6f6c697365:776966692063686174656175:<MISSING>:66726565626f786d616e6f6c697365:776966692063686174656175:<MISSING>:4353467a2079483665:66726565626f786d616e6f6c697365
<MISSING>:<MISSING>
66726565626f786d616e6f6c697365:776966692063686174656175:<MISSING>:776966692063686174656175
<MISSING>:<MISSING>
2a574946492d414952504f5254:2a574946492d414952504f5254
485541574549205033302050726f:4855422d50524f:41454c4941:4c54522d474c4f42414c2d44415441:4855422d50524f:4c54522d474c4f42414c2d444154412d544c53:4c54522d474c4f42414c2d444154412d475641:485541574549205033302050726f:41454c4941:4c54522d474c4f42414c2d44415441:4c54522d474c4f42414c2d444154412d544c53:4c54522d474c4f42414c2d444154412d475641
5449502056696520534c54:5449502056696520534c54
<MISSING>:<MISSING>
<MISSING>:<MISSING>
<MISSING>:526578737567:726578737567
<MISSING>:<MISSING>:<MISSING>
<MISSING>:<MISSING>
<MISSING>:<MISSING>:<MISSING>:<MISSING>
<MISSING>:<MISSING>:<MISSING>:<MISSING>
<MISSING>:<MISSING>
<MISSING>:<MISSING>
<MISSING>:<MISSING>:<MISSING>
<MISSING>:<MISSING>
<MISSING>:4143434f52484f54454c532d535441464632:<MISSING>:4143434f52484f54454c532d5354414646:4143434f52484f54454c532d535441464632:<MISSING>
435444492d4775657374:435444492d4775657374:435444492d4775657374
<MISSING>:<MISSING>
<MISSING>:<MISSING>
<MISSING>:<MISSING>
<MISSING>:4855424f4e455f50524f56:<MISSING>:4855424f4e455f50524f56
574143412d496e7465726e6574:574143412d496e7465726e6574
<MISSING>:<MISSING>
<MISSING>:<MISSING>
<MISSING>:<MISSING>
<MISSING>:<MISSING>:<MISSING>
<MISSING>:<MISSING>:<MISSING>:<MISSING>
<MISSING>:<MISSING>:<MISSING>
<MISSING>:<MISSING>
<MISSING>:435444492d4775657374:<MISSING>:435444492d4775657374
<MISSING>:216f726d6573646570657a
<MISSING>:<MISSING>
2a574946492d414952504f5254:2a574946492d414952504f5254
<MISSING>:<MISSING>:<MISSING>
4855422d50524f:4855422d50524f
<MISSING>:<MISSING>
<MISSING>:<MISSING>
<MISSING>:<MISSING>
<MISSING>:<MISSING>
<MISSING>:<MISSING>:<MISSING>
<MISSING>:33486f757273404d6175726974697573416972706f7274:<MISSING>:33486f757273404d6175726974697573416972706f7274:<MISSING>
<MISSING>:<MISSING>
<MISSING>:<MISSING>
<MISSING>:<MISSING>
<MISSING>:50414c4d4144454f524f:50414c4d4144454f524f:<MISSING>:50414c4d4144454f524f
<MISSING>:<MISSING>:<MISSING>
<MISSING>:<MISSING>
<MISSING>:<MISSING>
<MISSING>:<MISSING>
<MISSING>:<MISSING>
<MISSING>:<MISSING>:<MISSING>
4a616e65e2809973206950686f6e65:4a616e65e2809973206950686f6e65
<MISSING>:<MISSING>
<MISSING>:<MISSING>
<MISSING>:<MISSING>
<MISSING>:<MISSING>
<MISSING>:<MISSING>
<MISSING>:<MISSING>
<MISSING>:<MISSING>
<MISSING>:437265774e6574:<MISSING>:437265774e6574:<MISSING>:437265774e6574
2a574946492d414952504f5254:2a574946492d414952504f5254
<MISSING>:<MISSING>
<MISSING>:<MISSING>:<MISSING>
2a574946492d414952504f5254:2a574946492d414952504f5254
<MISSING>:<MISSING>
4855422d50524f:4855422d50524f
2a574946492d414952504f5254:2a574946492d414952504f5254
<MISSING>:<MISSING>:<MISSING>:<MISSING>
<MISSING>:<MISSING>
2a574946492d414952504f5254:2a574946492d414952504f5254:2a574946492d414952504f5254
2a574946492d414952504f5254:2a574946492d414952504f5254
2a574946492d414952504f5254:2a574946492d414952504f5254
2a574946492d414952504f5254:2a574946492d414952504f5254
<MISSING>:<MISSING>
<MISSING>:<MISSING>
<MISSING>:<MISSING>
2a574946492d414952504f5254:2a574946492d414952504f5254
2a574946492d414952504f5254:2a574946492d414952504f5254
<MISSING>:<MISSING>
<MISSING>:<MISSING>
574c414e204d4f42494c45:<MISSING>
<MISSING>:4855424f4e455f50524f56:<MISSING>:4855424f4e455f50524f56
<MISSING>:<MISSING>:<MISSING>:<MISSING>
4855424f4e455f50524f56:4855424f4e455f50524f56:4855424f4e455f50524f56
<MISSING>:4855424f4e455f50524f56:<MISSING>:4855424f4e455f50524f56
<MISSING>:<MISSING>
<MISSING>:<MISSING>
<MISSING>:<MISSING>
<MISSING>:<MISSING>
<MISSING>:<MISSING>:<MISSING>:<MISSING>
<MISSING>:66726164657269616e61207269636576696d656e746f:66726164657269616e61:<MISSING>:66726164657269616e61207269636576696d656e746f:66726164657269616e61:<MISSING>:66726164657269616e61207269636576696d656e746f:66726164657269616e61
<MISSING>:<MISSING>
2a574946492d414952504f5254:2a574946492d414952504f5254
594c574f4b5f4153534f4349415445:<MISSING>
<MISSING>:<MISSING>
2a574946492d414952504f5254:2a574946492d414952504f5254:2a574946492d414952504f5254
<MISSING>:<MISSING>
<MISSING>:66726164657269616e61
2a574946492d414952504f5254:2a574946492d414952504f5254
<MISSING>:<MISSING>:<MISSING>:<MISSING>:<MISSING>:<MISSING>
<MISSING>:<MISSING>
<MISSING>:<MISSING>:<MISSING>
<MISSING>:<MISSING>
2a574946492d414952504f5254:2a574946492d414952504f5254
2a574946492d414952504f5254:2a574946492d414952504f5254
<MISSING>:<MISSING>
<MISSING>:486f74656c20436f6e7465:46696e63686f7332303232203547
<MISSING>:<MISSING>
5741564c494e4b2d4143:5741564c494e4b2d4143
47656f20436164204c696e646f7261203547:47656f20436164204c696e646f7261203547
415248204775657374:415248204775657374
<MISSING>:4d4c4e442d43564444
<MISSING>:<MISSING>
2a574946492d414952504f5254:2a574946492d414952504f5254
2a574946492d414952504f5254:2a574946492d414952504f5254:2a574946492d414952504f5254:2a574946492d414952504f5254
4855422d50524f:4855422d50524f
<MISSING>:41766174656c203132:445567494e5355323733706e366e704b:686f74656c6c6f657765:6a6569736f7270:6a6569736f727035:686f74656c6c6f657765:6a6569736f7270:6a6569736f727035:<MISSING>:686f74656c6c6f657765:6a6569736f7270:445567494e5355323733706e366e704b
<MISSING>:<MISSING>
<MISSING>:<MISSING>
<MISSING>:<MISSING>
<MISSING>:<MISSING>
4855422d50524f:4855422d50524f:4855422d50524f:4855422d50524f:4855422d50524f
<MISSING>:<MISSING>
4855422d50524f:4855422d50524f
4d4c4e442d43564444:<MISSING>
<MISSING>:<MISSING>
<MISSING>:<MISSING>
<MISSING>:<MISSING>
<MISSING>:<MISSING>
<MISSING>:<MISSING>
2a574946492d414952504f5254:2a574946492d414952504f5254:2a574946492d414952504f5254:2a574946492d414952504f5254
<MISSING>:<MISSING>
<MISSING>:<MISSING>
<MISSING>:<MISSING>
<MISSING>:<MISSING>:4d4c4e442d43564444:<MISSING>:4d4c4e442d43564444
4855422d50524f:4855422d50524f
<MISSING>:<MISSING>
<MISSING>:<MISSING>
<MISSING>:<MISSING>
4d6f76697374617246696272612d3547487a2d373536374338:<MISSING>
<MISSING>:<MISSING>
46726565626f782d363830453545:46726565626f782d393636333643:46726565626f782d363830453545
<MISSING>:<MISSING>
<MISSING>:<MISSING>
<MISSING>:<MISSING>:<MISSING>:<MISSING>
<MISSING>:<MISSING>
535442502d53474d2d7232:7769666970617373:7769666970617373
<MISSING>:<MISSING>
<MISSING>:<MISSING>
<MISSING>:<MISSING>:<MISSING>
<MISSING>:<MISSING>
<MISSING>:<MISSING>:<MISSING>
<MISSING>:4f656368696573
<MISSING>:<MISSING>
<MISSING>:<MISSING>:<MISSING>:<MISSING>
<MISSING>:<MISSING>
<MISSING>:<MISSING>:<MISSING>
<MISSING>:<MISSING>:<MISSING>
<MISSING>:<MISSING>
<MISSING>:<MISSING>
4d6f76697374617246696272612d3547487a2d373536374338:4d6f76697374617246696272612d373536374338:<MISSING>
43414c415f415a554c5f434c49454e54:<MISSING>
7769666970617373:535442502d53474d2d7232
<MISSING>:<MISSING>
<MISSING>:<MISSING>
4d6f76697374617246696272612d3547487a2d373536374338:4d6f76697374617246696272612d373536374338:<MISSING>:<MISSING>
<MISSING>:4f656368696573:4f656368696573:<MISSING>:4f656368696573:6f656368696573
<MISSING>:<MISSING>
<MISSING>:<MISSING>
<MISSING>:<MISSING>
<MISSING>:<MISSING>
<MISSING>:<MISSING>
<MISSING>:<MISSING>
<MISSING>:<MISSING>
2a574946492d414952504f5254:2a574946492d414952504f5254
4855424f4e455f50524f56:4855424f4e455f50524f56:4855424f4e455f50524f56
<MISSING>:<MISSING>
<MISSING>:<MISSING>
<MISSING>:<MISSING>
2a574946492d414952504f5254:2a574946492d414952504f5254:2a574946492d414952504f5254
<MISSING>:<MISSING>
436f72706f72617469766f:436f72706f72617469766f
<MISSING>:<MISSING>
<MISSING>:<MISSING>
<MISSING>:<MISSING>
2a574946492d414952504f5254:2a574946492d414952504f5254
<MISSING>:<MISSING>
<MISSING>:<MISSING>
<MISSING>:<MISSING>
<MISSING>:<MISSING>
<MISSING>:<MISSING>
41697263656c6c652d4d6f62696c697479:53414652414e2d534d41525450484f4e45
<MISSING>:<MISSING>
414631323232:<MISSING>
2a574946492d414952504f5254:2a574946492d414952504f5254
<MISSING>:<MISSING>
2a574946492d414952504f5254:2a574946492d414952504f5254
<MISSING>:<MISSING>
<MISSING>:<MISSING>:<MISSING>
2a574946492d414952504f5254:2a574946492d414952504f5254
2a574946492d414952504f5254:2a574946492d414952504f5254
<MISSING>:46726565626f782d333930383542:4444424235:4d4920382050726f
<MISSING>:43535f53414e5f524f5155455f5573756172696f73
2a574946492d414952504f5254:2a574946492d414952504f5254
<MISSING>:<MISSING>
<MISSING>:<MISSING>
<MISSING>:566f6461666f6e652d66696f72656e74696e61:6261626f626162206265616368:<MISSING>:4a6f68616e6e3136362d31:566f6461666f6e652d66696f72656e74696e61
<MISSING>:<MISSING>
<MISSING>:<MISSING>
<MISSING>:<MISSING>
<MISSING>:<MISSING>
<MISSING>:<MISSING>:<MISSING>
<MISSING>:<MISSING>
<MISSING>:5265696368656e61755f47617374:5743204775657374
<MISSING>:<MISSING>
<MISSING>:<MISSING>
<MISSING>:<MISSING>
<MISSING>:4d4920382050726f
<MISSING>:<MISSING>:<MISSING>
<MISSING>:<MISSING>:<MISSING>:<MISSING>
<MISSING>:<MISSING>
<MISSING>:636f6e6761
<MISSING>:<MISSING>
<MISSING>:<MISSING>
<MISSING>:<MISSING>:<MISSING>
4c697665626f782d46453443:4c697665626f782d46453443
<MISSING>:<MISSING>
<MISSING>:<MISSING>
2a574946492d414952504f5254:2a574946492d414952504f5254
<MISSING>:486f74656c2042656c666f727465
<MISSING>:486f74656c2042656c666f727465
<MISSING>:<MISSING>
54465f436f7270:54465f436f7270
20:6f72616e6765
<MISSING>:<MISSING>
<MISSING>:<MISSING>
<MISSING>:<MISSING>
<MISSING>:<MISSING>:<MISSING>:<MISSING>
<MISSING>:<MISSING>
<MISSING>:<MISSING>
<MISSING>:<MISSING>:<MISSING>
<MISSING>:<MISSING>
2a574946492d414952504f5254:2a574946492d414952504f5254
<MISSING>:<MISSING>
4855422d50524f:4855422d50524f
574143412d496e7465726e6574:574143412d496e7465726e6574
<MISSING>:<MISSING>
<MISSING>:<MISSING>
<MISSING>:<MISSING>
<MISSING>:<MISSING>
<MISSING>:<MISSING>
<MISSING>:4855424f4e455f50524f56
<MISSING>:<MISSING>
<MISSING>:<MISSING>
<MISSING>:<MISSING>:4855424f4e455f50524f56
574143412d496e7465726e6574:574143412d496e7465726e6574
<MISSING>:<MISSING>
<MISSING>:<MISSING>:<MISSING>
<MISSING>:50617274796b656c6c6572:70617274796b656c6c6572:74702d6c696e6b5f65616431
<MISSING>:<MISSING>
4855422d50524f:4855422d50524f
<MISSING>:<MISSING>:<MISSING>
<MISSING>:<MISSING>
<MISSING>:50617274796b656c6c6572:70617274796b656c6c6572:74702d6c696e6b5f65616431:<MISSING>
<MISSING>:<MISSING>:<MISSING>
<MISSING>:<MISSING>
<MISSING>:<MISSING>
<MISSING>:<MISSING>
<MISSING>:<MISSING>
<MISSING>:<MISSING>
<MISSING>:<MISSING>
<MISSING>:<MISSING>
<MISSING>:<MISSING>
<MISSING>:<MISSING>
66726565626f785f43454d564434:<MISSING>
<MISSING>:<MISSING>
<MISSING>:<MISSING>
<MISSING>:4855424f4e455f50524f56
<MISSING>:<MISSING>
<MISSING>:<MISSING>
<MISSING>:70617274796b656c6c6572
<MISSING>:<MISSING>
<MISSING>:4e6574436f6d6d2032323637
<MISSING>:<MISSING>
<MISSING>:<MISSING>
4855422d50524f:4855422d50524f
<MISSING>:<MISSING>
<MISSING>:<MISSING>
574143412d496e7465726e6574:574143412d496e7465726e6574
<MISSING>:<MISSING>
574143412d496e7465726e6574:574143412d496e7465726e6574
<MISSING>:<MISSING>
<MISSING>:<MISSING>
<MISSING>:<MISSING>:<MISSING>:<MISSING>:<MISSING>
<MISSING>:4855424f4e455f50524f56:<MISSING>:4855424f4e455f50524f56
<MISSING>:<MISSING>:<MISSING>:<MISSING>
<MISSING>:<MISSING>
<MISSING>:<MISSING>:<MISSING>:<MISSING>
2a574946492d414952504f5254:2a574946492d414952504f5254
<MISSING>:<MISSING>:<MISSING>
<MISSING>:<MISSING>
<MISSING>:<MISSING>
<MISSING>:4855424f4e455f50524f56:<MISSING>:4855424f4e455f50524f56
574143412d496e7465726e6574:574143412d496e7465726e6574:<MISSING>
<MISSING>:<MISSING>:<MISSING>:<MISSING>:<MISSING>
<MISSING>:<MISSING>:<MISSING>:<MISSING>:<MISSING>:<MISSING>
705137484656706d3c39:<MISSING>:705137484656706d3c39:2a574946492d414952504f525400e4:2a574946492d414952504f5254:<MISSING>:705137484656706d3c39
<MISSING>:<MISSING>:<MISSING>
<MISSING>:<MISSING>
<MISSING>:<MISSING>
<MISSING>:<MISSING>
4855422d50524f:4855422d50524f
<MISSING>:<MISSING>
2a574946492d414952504f5254:2a574946492d414952504f5254:2a574946492d414952504f5254
<MISSING>:<MISSING>
<MISSING>:<MISSING>
<MISSING>:<MISSING>
<MISSING>:<MISSING>
<MISSING>:<MISSING>
<MISSING>:<MISSING>
574143412d496e7465726e6574:574143412d496e7465726e6574
<MISSING>:<MISSING>
4855424f4e455f50524f56:4855424f4e455f50524f56
<MISSING>:4855424f4e455f50524f56:<MISSING>
4855422d50524f:4855422d50524f:4855422d50524f:4855422d50524f
<MISSING>:4745414952425553434144495a
<MISSING>:<MISSING>:<MISSING>
<MISSING>:<MISSING>:<MISSING>:<MISSING>
<MISSING>:<MISSING>
4c54522d474c4f42414c2d444154412d544c53:<MISSING>
<MISSING>:74766361626f77696669:<MISSING>:74766361626f77696669:<MISSING>:74766361626f77696669:74766361626f77696669
<MISSING>:<MISSING>:<MISSING>:<MISSING>:<MISSING>
2a574946492d414952504f5254:2a574946492d414952504f5254
<MISSING>:<MISSING>:<MISSING>
<MISSING>:<MISSING>
<MISSING>:<MISSING>
2a574946492d414952504f5254:2a574946492d414952504f5254
<MISSING>:<MISSING>
2a574946492d414952504f5254:2a574946492d414952504f5254:2a574946492d414952504f5254
412d4c45434c4552432d47524154554954:<MISSING>:412d4c45434c4552432d47524154554954:<MISSING>:412d4c45434c4552432d47524154554954
<MISSING>:534144494b2e6b656e616e2e6675726b616e2e62657261742e313937312e
45726577686f6e204775657374:40484c5020426f776c20467265652057694669:476967614775657374
2a574946492d414952504f5254:2a574946492d414952504f5254:2a574946492d414952504f5254
<MISSING>:<MISSING>
<MISSING>:<MISSING>:<MISSING>
<MISSING>:<MISSING>
<MISSING>:<MISSING>
<MISSING>:7261796d6172
<MISSING>:4353467a2079483665:4353467a2079483665
2a574946492d414952504f5254:2a574946492d414952504f5254
<MISSING>:74766361626f77696669:74766361626f77696669
<MISSING>:<MISSING>
<MISSING>:<MISSING>
4855422d50524f:4855422d50524f:4855422d50524f:4855422d50524f:4855422d50524f
<MISSING>:4c697665626f782d42393130:<MISSING>:4c697665626f782d42393130:4c697665626f782d42393130:<MISSING>
<MISSING>:<MISSING>:<MISSING>
<MISSING>:<MISSING>
454d53415f56495349544f5273:<MISSING>
4855422d50524f:4855422d50524f:4855422d50524f
<MISSING>:<MISSING>
<MISSING>:<MISSING>
<MISSING>:<MISSING>:<MISSING>
2a574946492d414952504f5254:2a574946492d414952504f5254
<MISSING>:<MISSING>
4855422d50524f:4855422d50524f
<MISSING>:<MISSING>
<MISSING>:<MISSING>:<MISSING>:<MISSING>
<MISSING>:<MISSING>
<MISSING>:5348454c4c20323632334333:<MISSING>:5348454c4c20323632334333:5468652077686974652068617274:<MISSING>:5468652077686974652068617274:546865576869746548617274:546865576869746548617274
<MISSING>:<MISSING>
<MISSING>:4855424f4e455f50524f56:4855424f4e455f50524f56
<MISSING>:4855424f4e455f50524f56:<MISSING>:4855424f4e455f50524f56:<MISSING>:4855424f4e455f50524f56:<MISSING>:4855424f4e455f50524f56
<MISSING>:4855424f4e455f50524f56
<MISSING>:4855424f4e455f50524f56:<MISSING>:4855424f4e455f50524f56
2a574946492d414952504f5254:2a574946492d414952504f5254
<MISSING>:<MISSING>
4855422d50524f:4855422d50524f
2a574946492d414952504f5254:2a574946492d414952504f5254
<MISSING>:<MISSING>:<MISSING>
<MISSING>:4855424f4e455f50524f56:<MISSING>
<MISSING>:<MISSING>:<MISSING>
<MISSING>:4855424f4e455f50524f56
<MISSING>:<MISSING>
4855424f4e455f50524f56:4855424f4e455f50524f56
<MISSING>:<MISSING>
2a574946492d414952504f5254:2a574946492d414952504f5254:2a574946492d414952504f5254
<MISSING>:4855424f4e455f50524f56
<MISSING>:<MISSING>
4855424f4e455f50524f56:4855424f4e455f50524f56
<MISSING>:<MISSING>
2a574946492d414952504f5254:2a574946492d414952504f5254:2a574946492d414952504f5254:2a574946492d414952504f5254
<MISSING>:<MISSING>:<MISSING>:<MISSING>:<MISSING>
<MISSING>:<MISSING>
<MISSING>:<MISSING>:<MISSING>
4c54522d474c4f42414c2d444154412d544c53:<MISSING>:4c54522d474c4f42414c2d444154412d544c53:<MISSING>
42542d4a3541535346:4254487562352d51435a50:425457692d6669:6d637474:<MISSING>:42542d4a3541535346:4254487562352d51435a50:425457692d6669:6d637474
<MISSING>:<MISSING>
4855422d50524f:4855422d50524f
4875624f6e65536563757265:4875624f6e65536563757265
<MISSING>:<MISSING>
<MISSING>:<MISSING>
<MISSING>:<MISSING>
<MISSING>:<MISSING>
<MISSING>:<MISSING>
<MISSING>:<MISSING>
4855422d50524f:4855422d50524f
<MISSING>:<MISSING>
<MISSING>:<MISSING>
4855422d50524f:4855422d50524f:4855422d50524f
<MISSING>:3132333435363738:456f6c6f20303331313231:456f6c6f2d467269747a21426f782e20343032302e204242:526f6c66696e6f2d32:656e64656132303139:5a5958656c5f34333445:4661726f654163636f6d6f646174696f6e732057494649:<MISSING>:4445564554414b31383730:6775617a7a6574746f2032303138:4661726f654163636f6d6f646174696f6e732057494649
76616e696c6c61:76616e6e696c6c61:73796473:<MISSING>
4254487562352d51435a50:425457692d6669
<MISSING>:<MISSING>
<MISSING>:<MISSING>:<MISSING>
2a574946492d414952504f5254:2a574946492d414952504f5254
<MISSING>:<MISSING>:57696e6433204855422d374346313838
<MISSING>:<MISSING>
<MISSING>:<MISSING>
<MISSING>:<MISSING>
<MISSING>:<MISSING>
<MISSING>:<MISSING>:<MISSING>:<MISSING>
<MISSING>:<MISSING>
<MISSING>:<MISSING>
2a574946492d414952504f5254:2a574946492d414952504f5254
697467796d66726565626f78:6870206465736b206a65742033363339:697467796d66726565626f78
<MISSING>:<MISSING>:<MISSING>
2a574946492d414952504f5254:2a574946492d414952504f5254
<MISSING>:<MISSING>
<MISSING>:<MISSING>
<MISSING>:<MISSING>
57696e6433204855422d374346313838:616c657861
<MISSING>:<MISSING>
<MISSING>:<MISSING>
<MISSING>:<MISSING>
<MISSING>:<MISSING>
<MISSING>:<MISSING>:<MISSING>:<MISSING>
2a574946492d414952504f5254:2a574946492d414952504f5254
<MISSING>:<MISSING>
<MISSING>:<MISSING>:<MISSING>:<MISSING>
<MISSING>:<MISSING>:<MISSING>:<MISSING>
<MISSING>:<MISSING>
4c697665626f782d41334430:70696164696e6173
<MISSING>:<MISSING>
<MISSING>:4672616e6365736361:<MISSING>:4672616e6365736361:5379594e4c41422d4775657374:5353443a53594e4b41422d4775657372:53594e4c4156
4445564554414b31383730:456f6c6f20303331313231:456f6c6f2d467269747a21426f782e20343032302e204242:526f6c66696e6f2d32:6775617a7a6574746f2032303138:<MISSING>:3132333435363738
<MISSING>:3047742d64476a35422e696e62762c462e:2a574946492d414952504f5254006e:2a574946492d414952504f5254
53594e4c4156:<MISSING>:4672616e6365736361:5353443a53594e4b41422d4775657372:53594e4c4156:53594e4c4156:6f3277696c616e3730
2a574946492d414952504f5254:2a574946492d414952504f5254
<MISSING>:4672616e6365736361:5353443a53594e4b41422d4775657372:53594e4c4156:5379594e4c41422d4775657374:6f3277696c616e3730:7361796f6e61726131393836
<MISSING>:<MISSING>
2a574946492d414952504f5254:<MISSING>:<MISSING>
<MISSING>:<MISSING>:<MISSING>:<MISSING>
<MISSING>:<MISSING>:<MISSING>
<MISSING>:<MISSING>
<MISSING>:<MISSING>
<MISSING>:<MISSING>
<MISSING>:<MISSING>:<MISSING>
4457535f323633:4457535f323633
4445564554414b31383730:456f6c6f20303331313231:526f6c66696e6f2d32:656e64656132303139:5a5958656c5f34333445:4661726f654163636f6d6f646174696f6e732057494649:<MISSING>:3132333435363738:<MISSING>:<MISSING>:3132333435363738:4445564554414b31383730:456f6c6f20303331313231:456f6c6f2d467269747a21426f782e20343032302e204242:526f6c66696e6f2d32:656e64656132303139:6775617a7a6574746f2032303138:5a5958656c5f34333445:4661726f654163636f6d6f646174696f6e732057494649:<MISSING>:3132333435363738
2a574946492d414952504f5254:2a574946492d414952504f5254
4855422d50524f:4855422d50524f:4855422d50524f
<MISSING>:<MISSING>:<MISSING>
4c54522d474c4f42414c2d444154412d544c53:2a574946492d414952504f5254:41454c4941
<MISSING>:6d223b25317c30
<MISSING>:<MISSING>
<MISSING>:<MISSING>
<MISSING>:<MISSING>:<MISSING>:<MISSING>:<MISSING>:<MISSING>:<MISSING>:<MISSING>:<MISSING>:<MISSING>:<MISSING>:<MISSING>:<MISSING>:<MISSING>:<MISSING>
<MISSING>:<MISSING>:<MISSING>
<MISSING>:<MISSING>
2a574946492d414952504f5254:2a574946492d414952504f5254
<MISSING>:<MISSING>
<MISSING>:<MISSING>
<MISSING>:<MISSING>:<MISSING>
<MISSING>:<MISSING>
<MISSING>:<MISSING>
<MISSING>:<MISSING>
<MISSING>:616c6c69616e7469656772:636f726461616e
<MISSING>:<MISSING>
<MISSING>:<MISSING>:<MISSING>
<MISSING>:<MISSING>
<MISSING>:4c697665626f782d43424130:<MISSING>:4c697665626f782d43424130:7374616666:<MISSING>:4c697665626f782d43424130:7374616666:4c697665626f782d43424130:7374616666
<MISSING>:<MISSING>:<MISSING>
<MISSING>:<MISSING>
<MISSING>:<MISSING>
485541574549205033302050726f:41454c4941:4c54522d474c4f42414c2d44415441:4855422d50524f:4c54522d474c4f42414c2d444154412d544c53:4c54522d474c4f42414c2d444154412d475641:485541574549205033302050726f:41454c4941:4c54522d474c4f42414c2d44415441:4855422d50524f:4c54522d474c4f42414c2d444154412d544c53:4c54522d474c4f42414c2d444154412d475641:4c54522d474c4f42414c2d44415441:4855422d50524f:4c54522d474c4f42414c2d444154412d544c53:4c54522d474c4f42414c2d444154412d475641:485541574549205033302050726f:41454c4941:4855422d50524f
<MISSING>:<MISSING>
2a574946492d414952504f5254:2a574946492d414952504f5254
<MISSING>:<MISSING>
4855422d50524f:4855422d50524f:4855422d50524f
2a574946492d414952504f5254:2a574946492d414952504f5254
<MISSING>:<MISSING>
<MISSING>:<MISSING>
<MISSING>:<MISSING>
<MISSING>:<MISSING>
<MISSING>:<MISSING>
<MISSING>:<MISSING>
<MISSING>:<MISSING>:<MISSING>
2a574946492d414952504f5254:2a574946492d414952504f5254
<MISSING>:<MISSING>:<MISSING>:<MISSING>
2a574946492d414952504f5254:2a574946492d414952504f5254
<MISSING>:<MISSING>:<MISSING>:<MISSING>
<MISSING>:<MISSING>
2a574946492d414952504f5254:2a574946492d414952504f5254:2a574946492d414952504f5254:2a574946492d414952504f5254
<MISSING>:<MISSING>:63617374656c6c6f206469207669676f6c656e6f
<MISSING>:<MISSING>
<MISSING>:<MISSING>:<MISSING>:<MISSING>
<MISSING>:<MISSING>
5377697373636f6d5f4175746f5f4c6f67696e:5377697373636f6d5f4175746f5f4c6f67696e
<MISSING>:<MISSING>
<MISSING>:<MISSING>
<MISSING>:<MISSING>:<MISSING>:<MISSING>:<MISSING>
<MISSING>:<MISSING>
<MISSING>:<MISSING>
<MISSING>:<MISSING>
<MISSING>:<MISSING>
<MISSING>:<MISSING>
2a574946492d414952504f5254:2a574946492d414952504f5254
2a574946492d414952504f5254:2a574946492d414952504f5254
<MISSING>:<MISSING>:<MISSING>:<MISSING>:<MISSING>:<MISSING>
<MISSING>:<MISSING>:<MISSING>
2a574946492d414952504f5254:2a574946492d414952504f5254
<MISSING>:<MISSING>
<MISSING>:<MISSING>
<MISSING>:<MISSING>:<MISSING>
<MISSING>:<MISSING>
<MISSING>:<MISSING>
2a574946492d414952504f5254:2a574946492d414952504f5254
<MISSING>:<MISSING>
43656e7472616c20486f74656c:<MISSING>:43656e7472616c20486f74656c
<MISSING>:<MISSING>
<MISSING>:<MISSING>:<MISSING>
<MISSING>:<MISSING>
<MISSING>:576966694f4c4f4e:576966694f4c4f4e:<MISSING>:576966694f4c4f4e:<MISSING>:<MISSING>:576966694f4c4f4e:<MISSING>
46726565626f782d333930383542:4d4920382050726f
<MISSING>:<MISSING>
424c41552d4755455354:454f4c4f202d20465249545a21426f782034303230204e44:4c656f6e6172646f:54494d2d32373532383830352d706c7573
<MISSING>:<MISSING>
<MISSING>:<MISSING>:<MISSING>
544d6f62696c6557696e676d616e:<MISSING>
<MISSING>:<MISSING>:<MISSING>
<MISSING>:<MISSING>
<MISSING>:<MISSING>:<MISSING>
6c696665626f78:6c697665626f78:6c697665626f782d46443730:4b6f726f6e6958:6c697665626f782d46443730:4b6f726f6e6958:<MISSING>:6c61676f756c6f747465:6c697665626f78:6c697665626f782d46443730:4b6f726f6e6958:63617374656c206d617267756572697465
<MISSING>:<MISSING>
<MISSING>:<MISSING>
<MISSING>:<MISSING>
<MISSING>:<MISSING>:<MISSING>:<MISSING>
<MISSING>:<MISSING>:<MISSING>:<MISSING>
<MISSING>:<MISSING>
<MISSING>:<MISSING>
<MISSING>:<MISSING>
<MISSING>:<MISSING>
<MISSING>:<MISSING>
<MISSING>:<MISSING>
<MISSING>:<MISSING>:<MISSING>
<MISSING>:<MISSING>
2a574946492d414952504f5254:2a574946492d414952504f5254
<MISSING>:6564696c6963:<MISSING>:6564696c6963
4449524543542d:4449524543542d
<MISSING>:<MISSING>
<MISSING>:4855424f4e455f50524f56:<MISSING>:4855424f4e455f50524f56
<MISSING>:636972636133393030:646b783378686653784664:6e656e6974656c6c6f3431:c2a150686f6e652038:<MISSING>:636972636133393030:646b783378686653784664:6e656e6974656c6c6f3431:c2a150686f6e652038:6e656e6974656c6c6f3431:<MISSING>:636972636133393030:646b783378686653784664:6e656e6974656c6c6f3431:c2a150686f6e652038
<MISSING>:<MISSING>:<MISSING>:<MISSING>
<MISSING>:<MISSING>
<MISSING>:<MISSING>:<MISSING>:<MISSING>
<MISSING>:484554414e4b45522d4775657374
<MISSING>:<MISSING>
<MISSING>:<MISSING>
<MISSING>:<MISSING>
<MISSING>:<MISSING>
<MISSING>:<MISSING>
<MISSING>:<MISSING>
<MISSING>:<MISSING>:46726565626f782d333930383542:<MISSING>:46726565626f782d333930383542:4d4920382050726f:<MISSING>
2a574946492d414952504f5254:2a574946492d414952504f5254
4c615f46696272655f644f72616e67655f322e34475f44394344:4c615f46696272655f644f72616e67655f322e34475f44394344
<MISSING>:<MISSING>
<MISSING>:<MISSING>
<MISSING>:<MISSING>
<MISSING>:<MISSING>
2a574946492d414952504f5254:2a574946492d414952504f5254
4855422d50524f:4855422d50524f
<MISSING>:<MISSING>
33575f4143434553535f32303036:<MISSING>:33575f4143434553535f32303036:33575f4143434553535f32303036:<MISSING>:33575f4143434553535f32303036:<MISSING>
4d792041535553:4d792041535553
<MISSING>:<MISSING>
<MISSING>:<MISSING>
<MISSING>:<MISSING>
<MISSING>:<MISSING>:<MISSING>
<MISSING>:<MISSING>
<MISSING>:<MISSING>
<MISSING>:424c41552d4755455354:454f4c4f202d20465249545a21426f782034303230204e44:4c656f6e6172646f:54494d2d32373532383830352d706c7573:646c696e6b2d3547487a2d363738443538:47727570706f20426f6e616c6469:424c41552d4755455354:454f4c4f202d20465249545a21426f782034303230204e44:4c656f6e6172646f:54494d2d32373532383830352d706c7573:576966694f4c4f4e:<MISSING>
<MISSING>:<MISSING>
2a574946492d414952504f5254:2a574946492d414952504f5254
5243532d524453:<MISSING>
44616e4d6f62696c65:44616e4d6f62696c65
<MISSING>:<MISSING>
<MISSING>:<MISSING>:<MISSING>:<MISSING>
<MISSING>:<MISSING>
<MISSING>:54502d4c696e6b5f33423538
2a574946492d414952504f5254:2a574946492d414952504f5254:2a574946492d414952504f5254
<MISSING>:<MISSING>
<MISSING>:<MISSING>
<MISSING>:<MISSING>
<MISSING>:<MISSING>
2a574946492d414952504f5254:2a574946492d414952504f5254:2a574946492d414952504f5254
<MISSING>:<MISSING>
<MISSING>:46726565626f782d333930383542:4444424235:4d4920382050726f:<MISSING>
<MISSING>:<MISSING>
2a574946492d414952504f5254:2a574946492d414952504f5254:2a574946492d414952504f5254:2a574946492d414952504f5254:2a574946492d414952504f5254
2a574946492d414952504f5254:2a574946492d414952504f5254
<MISSING>:<MISSING>
<MISSING>:<MISSING>
2a574946492d414952504f5254:2a574946492d414952504f5254:2a574946492d414952504f5254
2a574946492d414952504f5254:2a574946492d414952504f5254
70656c6963616e6f73:<MISSING>:<MISSING>:417468656e6165756d5f5075626c6963:70656c6963616e6f73:7a6f757a6f75
<MISSING>:<MISSING>:<MISSING>
<MISSING>:<MISSING>
<MISSING>:<MISSING>:<MISSING>:<MISSING>
<MISSING>:<MISSING>
414631323232:<MISSING>
2a574946492d414952504f5254:2a574946492d414952504f5254:2a574946492d414952504f5254
2a574946492d414952504f5254:2a574946492d414952504f5254
<MISSING>:<MISSING>
<MISSING>:<MISSING>
2a574946492d414952504f5254:2a574946492d414952504f5254
<MISSING>:<MISSING>
<MISSING>:<MISSING>:<MISSING>
<MISSING>:<MISSING>
<MISSING>:<MISSING>
<MISSING>:<MISSING>
<MISSING>:<MISSING>
<MISSING>:<MISSING>
<MISSING>:434143545553:4c697665626f782d35424230:6d65646563696e65203230:736672:<MISSING>:434143545553:4c697665626f782d35424230:66726565:6d65646563696e65203230:<MISSING>:434143545553:4c697665626f782d35424230
<MISSING>:<MISSING>
<MISSING>:<MISSING>
<MISSING>:<MISSING>
<MISSING>:435444492d4775657374
2a574946492d414952504f5254:2a574946492d414952504f5254
<MISSING>:<MISSING>
<MISSING>:<MISSING>
<MISSING>:435444492d4775657374
<MISSING>:<MISSING>
<MISSING>:<MISSING>
<MISSING>:<MISSING>
<MISSING>:<MISSING>:<MISSING>
<MISSING>:<MISSING>
4855422d50524f:4855422d50524f
<MISSING>:<MISSING>
<MISSING>:<MISSING>
2a574946492d414952504f5254:2a574946492d414952504f5254
<MISSING>:4353467a2079483665:66726565626f786d616e6f6c697365:<MISSING>
<MISSING>:<MISSING>
<MISSING>:<MISSING>:<MISSING>
<MISSING>:<MISSING>
<MISSING>:<MISSING>
<MISSING>:<MISSING>:<MISSING>
<MISSING>:<MISSING>
<MISSING>:<MISSING>
<MISSING>:<MISSING>:<MISSING>:<MISSING>
<MISSING>:<MISSING>
2a574946492d414952504f5254:2a574946492d414952504f5254
2a574946492d414952504f5254:2a574946492d414952504f5254
2a574946492d414952504f5254:2a574946492d414952504f5254
<MISSING>:<MISSING>:<MISSING>
41454c4941:4c54522d474c4f42414c2d444154412d475641:4c54522d474c4f42414c2d444154412d544c53
<MISSING>:<MISSING>
<MISSING>:4855424f4e455f50524f56:<MISSING>:4855424f4e455f50524f56
<MISSING>:<MISSING>:<MISSING>
485541574549205033302050726f:41454c4941:4c54522d474c4f42414c2d44415441:4855422d50524f:4c54522d474c4f42414c2d444154412d544c53:4c54522d474c4f42414c2d44415441:4c54522d474c4f42414c2d444154412d475641:41454c4941:4855422d50524f
<MISSING>:<MISSING>
<MISSING>:<MISSING>
<MISSING>:<MISSING>:<MISSING>:<MISSING>
<MISSING>:4855424f4e455f50524f56
2a574946492d414952504f5254:2a574946492d414952504f5254
<MISSING>:<MISSING>:<MISSING>:<MISSING>
<MISSING>:<MISSING>
<MISSING>:<MISSING>
<MISSING>:<MISSING>
<MISSING>:<MISSING>
<MISSING>:<MISSING>:<MISSING>:<MISSING>:<MISSING>:<MISSING>:<MISSING>
<MISSING>:<MISSING>
<MISSING>:<MISSING>:<MISSING>
2a574946492d414952504f5254:2a574946492d414952504f5254:2a574946492d414952504f5254
2a574946492d414952504f5254:2a574946492d414952504f5254
<MISSING>:<MISSING>
<MISSING>:<MISSING>
<MISSING>:<MISSING>
<MISSING>:54502d4c696e6b5f38333843
<MISSING>:50616e74756d2d41502d463630363632:<MISSING>
<MISSING>:<MISSING>
<MISSING>:<MISSING>
<MISSING>:<MISSING>
<MISSING>:<MISSING>
<MISSING>:<MISSING>
